dataset,target_id,raw_family,raw_bridge,raw_dice,fixed_dice,fixed_mask_area,fixed_invalid,raw_delta,risk,rescue,accepted,gated_dice,gated_delta,score_margin
Kvasir-SEG,kvasir-seg::cju0ue769mxii08019zqgdbxn,dino_patch_average,6,0.9453543548140211,0.946078431372549,0.051971435546875,False,-0.0007240765585279085,0.06957324472757606,0.03228601366004999,True,0.9453543548140211,-0.0007240765585279085,0.9801397731056468
Kvasir-SEG,kvasir-seg::cju13cgqmnhwn0988yrainhcp,t18_corrected,6,0.9850579701159402,0.9855323358476568,0.1226348876953125,False,-0.00047436573171655283,0.08117795351722885,0.1118453371014915,True,0.9850579701159402,-0.00047436573171655283,1.7571438378806818
Kvasir-SEG,kvasir-seg::cju16ach3m1da0993r1dq3sn2,dino_patch_average,6,0.9839707617485395,0.9845985862881443,0.264373779296875,False,-0.0006278245396048598,0.056044360742787645,0.20742459524222784,True,0.9839707617485395,-0.0006278245396048598,1.6880116339047575
Kvasir-SEG,kvasir-seg::cju171py4qiha0835u8sl59ds,dino_global_pooling,5,0.9326965703461895,0.7701786521397816,0.274627685546875,False,0.16251791820640782,0.3122562054456351,0.6927362248260225,False,0.7701786521397816,0.0,2.6242089114435325
Kvasir-SEG,kvasir-seg::cju17g6ykn1cs0993dww6qdi8,dino_global_pooling,6,0.7599987980408065,0.7594852985388731,0.1933135986328125,False,0.0005134995019333566,0.029218059859245634,0.10556594750506622,True,0.7599987980408065,0.0005134995019333566,1.7290174850499485
Kvasir-SEG,kvasir-seg::cju183od81ff608017ekzif89,anchor_conditioned_patch_correspondence__knn_pooled,6,0.9644289092217538,0.48731652239367707,0.050384521484375,False,0.4771123868280768,0.527213103318062,0.4712508469020648,False,0.48731652239367707,0.0,3.1656966130341866
Kvasir-SEG,kvasir-seg::cju1c0qb4tzi308355wtsnp0y,dino_patch_average,6,0.8145014486065174,0.7312472259209942,0.2011260986328125,False,0.08325422268552318,0.0519215549278415,0.23118240303747514,True,0.8145014486065174,0.08325422268552318,1.3066316999468057
Kvasir-SEG,kvasir-seg::cju1cyjb5qtie0993njqne9m3,anchor_conditioned_target_pooling,6,0.8884295594063253,0.9232609319682327,0.4493865966796875,False,-0.03483137256190738,0.11244752352543826,0.8404422563817183,False,0.9232609319682327,0.0,0.055600257487931515
Kvasir-SEG,kvasir-seg::cju1d50a94qf50855wsowacrc,t18_corrected,4,0.9791171689383519,0.9764923076923077,0.0632476806640625,False,0.002624861246044219,0.015465270472574903,0.18643861887094645,True,0.9791171689383519,0.002624861246044219,1.9830355885983622
Kvasir-SEG,kvasir-seg::cju1fb9236a110801yvg0fwju,dino_global_pooling,4,0.97750911627224,0.9701183431952662,0.3017120361328125,False,0.007390773076973778,0.10403138533632147,0.39373588753152433,False,0.9701183431952662,0.0,1.9845843158127265
Kvasir-SEG,kvasir-seg::cju1ftaji6isw0855108yqcse,anchor_conditioned_target_pooling__knn_cls,3,0.942838442238464,0.9612930222826656,0.14508056640625,False,-0.01845458004420153,0.1668856562929806,0.05502812276088004,False,0.9612930222826656,0.0,0.637915098101764
Kvasir-SEG,kvasir-seg::cju1gv7106qd008784gk603mg,dino_patch_average,5,0.9737168874172185,0.9638099234238959,0.1414337158203125,False,0.009906963993322582,0.029754555242109074,0.06365534623471773,True,0.9737168874172185,0.009906963993322582,2.998422828479149
Kvasir-SEG,kvasir-seg::cju1hirfi7ekp0855q0vgm9qq,dino_global_pooling,6,0.8900618307947519,0.8946731234866828,0.0540313720703125,False,-0.004611292691930946,0.043676517418084475,0.03363107512687333,True,0.8900618307947519,-0.004611292691930946,1.3921379441089408
Kvasir-SEG,kvasir-seg::cju2i6acqvo6l0799u20fift8,anchor_conditioned_patch_correspondence__knn_cond,6,0.985718255070853,0.9820580179978761,0.1348114013671875,False,0.003660237072976913,0.04344312870162728,0.03717883886464717,True,0.985718255070853,0.003660237072976913,2.157891125737783
Kvasir-SEG,kvasir-seg::cju2nguelpmlj0835rojdn097,dino_global_pooling,3,0.9729436740593522,0.976061776061776,0.1699371337890625,False,-0.003118102002423795,0.014855508787075204,0.0940796604433146,True,0.9729436740593522,-0.003118102002423795,1.1232106578086514
Kvasir-SEG,kvasir-seg::cju2omjpeqj5a0988pjdlb8l1,anchor_conditioned_patch_correspondence__knn_pooled,6,0.9856613974261033,0.9856307484352502,0.2567138671875,False,3.064899085303274e-05,0.03632228053133399,0.06388973364543706,True,0.9856613974261033,3.064899085303274e-05,0.798013377034636
Kvasir-SEG,kvasir-seg::cju2p0eveqtdc0835gpi3p93i,anchor_conditioned_patch_correspondence__knn_cond,6,0.9845282497582539,0.9810000685918101,0.112030029296875,False,0.0035281811664438223,0.03431501803107009,0.027688777454684333,True,0.9845282497582539,0.0035281811664438223,3.66567199258055
Kvasir-SEG,kvasir-seg::cju2p4ddkmzxj0993p94o62av,anchor_conditioned_patch_correspondence__knn_pooled,6,0.9785561115082202,0.9806114167192713,0.0846405029296875,False,-0.0020553052110511283,0.031825033863599306,0.035565656157916944,True,0.9785561115082202,-0.0020553052110511283,1.6268192951196658
Kvasir-SEG,kvasir-seg::cju2qh5le1ock0878oahaql7d,anchor_conditioned_patch_correspondence__knn_cond,6,0.9849804092294296,0.9849804092294296,0.1385345458984375,False,0.0,0.054437329176396605,0.03821703613234327,True,0.9849804092294296,0.0,0.6017604831313608
Kvasir-SEG,kvasir-seg::cju2qz06823a40878ojcz9ccx,anchor_conditioned_patch_correspondence__knn_cond,6,0.8834423516431555,0.8839004410838059,0.086273193359375,False,-0.0004580894406503999,0.05717207848509252,0.022451740312433858,True,0.8834423516431555,-0.0004580894406503999,0.5047246585694694
Kvasir-SEG,kvasir-seg::cju2r11x7sdgx0988o8ule0wl,t18_corrected,6,0.9719993266371135,0.9755634902923455,0.13494873046875,False,-0.0035641636552319333,0.06384071473239297,0.09585363679135987,True,0.9719993266371135,-0.0035641636552319333,1.8217944248232345
Kvasir-SEG,kvasir-seg::cju2r7h21sj9608354gzks3ae,dino_global_pooling,6,0.9640978733135147,0.959419632736341,0.033935546875,False,0.004678240577173698,0.020860384840228955,0.07524800981403486,True,0.9640978733135147,0.004678240577173698,1.744259338607187
Kvasir-SEG,kvasir-seg::cju2rga4psq9n09881z519xx0,t18_corrected,3,0.9702942016566696,0.9742136582601304,0.052947998046875,False,-0.003919456603460825,0.06830296074711344,0.07309555668014742,True,0.9702942016566696,-0.003919456603460825,1.4453058653751265
Kvasir-SEG,kvasir-seg::cju2spdagu1l50835da1f46fr,dino_global_pooling,6,0.9638422205989774,0.9685195178989027,0.041656494140625,False,-0.004677297299925276,0.059508598313391635,0.04607865771303558,True,0.9638422205989774,-0.004677297299925276,1.8670740078237742
Kvasir-SEG,kvasir-seg::cju2sxf3iqbpv09937iksn8ep,t18_corrected,3,0.9508152050501839,0.9467628527075153,0.158843994140625,False,0.0040523523426686525,0.00994669960428133,0.1919044272377164,True,0.9508152050501839,0.0040523523426686525,1.9568601249404693
Kvasir-SEG,kvasir-seg::cju2tjrog4jy30878pawyazqc,t18_corrected,4,0.9763533320304866,0.9682077096304146,0.11297607421875,False,0.008145622400071995,0.018535736965761475,0.16505042788383578,True,0.9763533320304866,0.008145622400071995,2.5044964613021885
Kvasir-SEG,kvasir-seg::cju2u4pymvc720988wsxrmi84,t18_corrected,6,0.8782684644358316,0.8952309047439285,0.29443359375,False,-0.016962440308096904,0.03812544410914218,0.6380631217753931,True,0.8782684644358316,-0.016962440308096904,0.6338984296552352
Kvasir-SEG,kvasir-seg::cju2urqpwvxw70835rvndvtsi,anchor_conditioned_patch_correspondence__knn_cond,6,0.9717323024885238,0.9717049576783555,0.0317535400390625,False,2.7344810168306033e-05,0.06842885074416057,0.017854008287930673,True,0.9717323024885238,2.7344810168306033e-05,1.4356193435812004
Kvasir-SEG,kvasir-seg::cju2yb31a8e8u0878wdashg7o,t18_corrected,3,0.9236370513972292,0.921112587810898,0.1493072509765625,False,0.0025244635863311826,0.018195067172130756,0.10179962226592357,True,0.9236370513972292,0.0025244635863311826,2.1794031207892606
Kvasir-SEG,kvasir-seg::cju2ycp1u8g2r0799jslnp7cz,anchor_conditioned_patch_correspondence__knn_cond,4,0.9455600178491744,0.934468334923314,0.10577392578125,False,0.01109168292586038,0.04805895386001884,0.02922168443773721,True,0.9455600178491744,0.01109168292586038,0.6345420750094185
Kvasir-SEG,kvasir-seg::cju2yo1j1v0qz09934o0e683p,t18_corrected,3,0.9290360417999574,0.941761887209731,0.2735137939453125,False,-0.012725845409773617,0.02919251139626183,0.3399078724627595,True,0.9290360417999574,-0.012725845409773617,1.5236426879893998
Kvasir-SEG,kvasir-seg::cju2ysg748ru80878sp6j0gm0,anchor_conditioned_target_pooling,6,0.95654201974656,0.9568307995641571,0.282958984375,False,-0.0002887798175971179,0.03871739249343267,0.05831179265766733,True,0.95654201974656,-0.0002887798175971179,0.6151203224738522
Kvasir-SEG,kvasir-seg::cju2zkpdl9h7t0799ix60teqg,t18_corrected,3,0.7073962717979555,0.6579327189963362,0.0909576416015625,False,0.04946355280161929,0.12388291561409266,0.09072852729352797,False,0.6579327189963362,0.0,1.4857085417974902
Kvasir-SEG,kvasir-seg::cju30ajhw09sx0988qyahx9s8,dino_patch_average,3,0.8752952809976378,0.6850063893227318,0.1472320556640625,False,0.19028889167490592,0.2720213882164811,0.6987303664684057,False,0.6850063893227318,0.0,1.894535188951961
Kvasir-SEG,kvasir-seg::cju30bmab08bi0835mvlr6e0r,t18_corrected,6,0.9522000633111745,0.9410564319912095,0.096588134765625,False,0.011143631319964986,0.019579109627684766,0.15601029664376392,True,0.9522000633111745,0.011143631319964986,1.7534554358596959
Kvasir-SEG,kvasir-seg::cju32csyfblyh080170aa3x5p,dino_patch_average,5,0.974721941354904,0.9723618090452262,0.12274169921875,False,0.002360132309677798,0.03977155844516504,0.06277490406341395,True,0.974721941354904,0.002360132309677798,1.7433396756128092
Kvasir-SEG,kvasir-seg::cju32phw2bv130801yj7bkouq,anchor_conditioned_target_pooling__knn_cls,6,0.7570598771321917,0.7570598771321917,0.3487396240234375,False,0.0,0.15962778289246382,0.5629734433856669,True,0.7570598771321917,0.0,0.0
Kvasir-SEG,kvasir-seg::cju32upim1z7u0988l883nqp6,dino_global_pooling,6,0.9780517310905006,0.9756944444444444,0.129364013671875,False,0.002357286646056167,0.048690457243621595,0.048535171816955006,True,0.9780517310905006,0.002357286646056167,3.054194653563007
Kvasir-SEG,kvasir-seg::cju334jzo261t0835yqudnfs1,dino_global_pooling,4,0.980875768384306,0.9797933758735946,0.201568603515625,False,0.0010823925107114052,0.029364979241255557,0.09811428296845942,True,0.980875768384306,0.0010823925107114052,0.5501751406916302
Kvasir-SEG,kvasir-seg::cju3v11mrgwwb0755u242ygye,t18_corrected,5,0.9461954791467685,0.9484777517564403,0.069183349609375,False,-0.0022822726096718426,0.0605629898429324,0.09698251426403698,True,0.9461954791467685,-0.0022822726096718426,3.1492050024466645
Kvasir-SEG,kvasir-seg::cju40jl7skiuo0817p0smlgg8,dino_global_pooling,5,0.799013987617519,0.8077535243292405,0.2203521728515625,False,-0.008739536711721563,0.028084790414597292,0.1532708945919131,True,0.799013987617519,-0.008739536711721563,2.4759262820814665
Kvasir-SEG,kvasir-seg::cju40w3hbkwpn08015rbs3wko,anchor_conditioned_patch_correspondence__knn_cond,6,0.9372026641294006,0.9597494490198353,0.06365966796875,False,-0.022546784890434712,0.06999158566280463,0.015340980249717057,True,0.9372026641294006,-0.022546784890434712,1.401488319962134
Kvasir-SEG,kvasir-seg::cju41s6nbleqy0755e2mslg0b,dino_global_pooling,4,0.9784688995215312,0.9803354047842002,0.0882110595703125,False,-0.0018665052626690715,0.09320745017247427,0.05907306325495876,True,0.9784688995215312,-0.0018665052626690715,2.9202293253103933
Kvasir-SEG,kvasir-seg::cju422cm8lfxn0818ojicxejb,t18_corrected,3,0.9741581832419733,0.9777293256502102,0.0971221923828125,False,-0.0035711424082368604,0.05119922821232606,0.11128797960338087,True,0.9741581832419733,-0.0035711424082368604,2.290736646036475
Kvasir-SEG,kvasir-seg::cju43b8daly4408170e5ev06g,anchor_conditioned_patch_correspondence__knn_pooled,6,0.9646934116112198,0.3334428599592561,0.038848876953125,False,0.6312505516519638,0.7828970597407728,0.7514194055717838,False,0.3334428599592561,0.0,2.6095747007673733
Kvasir-SEG,kvasir-seg::cju43c92lm5cj0755lorsorfg,dino_global_pooling,5,0.8182936833470057,0.8264428980761359,0.0313720703125,False,-0.008149214729130216,0.09306053061304098,0.023330068134941366,True,0.8182936833470057,-0.008149214729130216,1.435244499683129
Kvasir-SEG,kvasir-seg::cju43in5fm22c08175rxziqrk,t18_corrected,6,0.9825550187869029,0.9609843138299289,0.2853240966796875,False,0.021570704956973996,0.024919986298452317,0.242530566389127,True,0.9825550187869029,0.021570704956973996,2.3236586884432597
Kvasir-SEG,kvasir-seg::cju43jcqim2cp08172dvjvyui,t18_corrected,4,0.9448275862068966,0.9438863023768684,0.032012939453125,False,0.0009412838300281168,0.03761264859101098,0.12863021977617103,True,0.9448275862068966,0.0009412838300281168,2.3785808800305537
Kvasir-SEG,kvasir-seg::cju5hjxaae3i40850h5z2laf5,t18_corrected,4,0.9812389709296926,0.979408039776725,0.1611175537109375,False,0.0018309311529676187,0.014575636899712871,0.30071387057860527,True,0.9812389709296926,0.0018309311529676187,1.3189949626735293
Kvasir-SEG,kvasir-seg::cju5huurrecm70801y680y13m,anchor_conditioned_target_pooling__knn_pooled,6,0.9788722341184868,0.9787203656098258,0.106414794921875,False,0.00015186850866100166,0.04171298517487042,0.02906272366708865,True,0.9788722341184868,0.00015186850866100166,0.5829446113342164
Kvasir-SEG,kvasir-seg::cju5k7r0yf98c09878csbxb4d,anchor_conditioned_patch_correspondence,6,0.20935857869713903,0.9485627836611196,0.0211944580078125,False,-0.7392042049639805,0.3586650452554696,0.5728852791470337,False,0.9485627836611196,0.0,4.903049248354887
Kvasir-SEG,kvasir-seg::cju5kre09fhka0850h7b1898j,dino_global_pooling,4,0.954015627001409,0.7861455354305688,0.0863494873046875,False,0.1678700915708402,0.21022554726139767,0.112778403541352,False,0.7861455354305688,0.0,0.8451599647534433
Kvasir-SEG,kvasir-seg::cju5tenjojp1j0755ms4949h2,anchor_conditioned_patch_correspondence__knn_cond,5,0.974290641166327,0.9748531139835488,0.1918182373046875,False,-0.0005624728172217708,0.09946966077793462,0.08952792449148077,True,0.974290641166327,-0.0005624728172217708,1.1932071062872844
Kvasir-SEG,kvasir-seg::cju5u6wf0kh1t0755bg1ssixv,anchor_conditioned_patch_correspondence__knn_cond,6,0.967409410704137,0.9704669389988859,0.37890625,False,-0.0030575282947489235,0.060919328690407705,0.14508461815056378,True,0.967409410704137,-0.0030575282947489235,0.9123847464518446
Kvasir-SEG,kvasir-seg::cju5ukkg6kv7u08011x2b6zl5,dino_global_pooling,6,0.970117601696549,0.9685267426144043,0.1531982421875,False,0.0015908590821447355,0.030471970171752155,0.06076116069399156,True,0.970117601696549,0.0015908590821447355,2.6466646058764454
Kvasir-SEG,kvasir-seg::cju5vbo6jldrt0871jf6f1700,t18_corrected,6,0.9804212085935019,0.9805160610847815,0.07196044921875,False,-9.485249127960671e-05,0.02258830058537964,0.10561046593791316,True,0.9804212085935019,-9.485249127960671e-05,1.9769883077373156
Kvasir-SEG,kvasir-seg::cju5wqonpm0e60801z88ewmy1,dino_global_pooling,6,0.9544561528844436,0.9473493757915686,0.0403289794921875,False,0.007106777092874994,0.06294848154588772,0.04754257179071038,True,0.9544561528844436,0.007106777092874994,2.399096161228322
Kvasir-SEG,kvasir-seg::cju5wrrs0m2af0818vmnajbtw,t18_corrected,5,0.9270231213872833,0.9614449461618617,0.021270751953125,False,-0.03442182477457845,0.11755423386775572,0.07775951339541495,False,0.9614449461618617,0.0,1.9667769902589638
Kvasir-SEG,kvasir-seg::cju5yclrymlgj0818k426ud6z,anchor_conditioned_patch_correspondence__knn_cond,6,0.9585643145729588,0.9585643145729588,0.0783233642578125,False,0.0,0.07379915578004022,0.02172045025685007,True,0.9585643145729588,0.0,0.5549821420655237
Kvasir-SEG,kvasir-seg::cju6uzxk0v83p0801rcwnexdu,anchor_conditioned_patch_correspondence__knn_pooled,4,0.9790474217191992,0.9716714615245056,0.2921905517578125,False,0.007375960194693665,0.036193810184837756,0.23869443615158886,True,0.9790474217191992,0.007375960194693665,1.8444947284214401
Kvasir-SEG,kvasir-seg::cju6v5ilsv8hk0850rb5sgh6o,t18_corrected,3,0.9338974087784241,0.9253652058432935,0.027130126953125,False,0.008532202935130573,0.06544986937815327,0.04577671590631222,True,0.9338974087784241,0.008532202935130573,1.3982585261981058
Kvasir-SEG,kvasir-seg::cju6wi3akvn8r0801px8eligc,dino_global_pooling,4,0.8803956709595855,0.9058831512519508,0.510101318359375,False,-0.02548748029236536,0.06548019593351977,0.5435622825740032,True,0.8803956709595855,-0.02548748029236536,1.2146798507335994
Kvasir-SEG,kvasir-seg::cju6z600qwh4z081700qimgl9,dino_global_pooling,6,0.9490787269681742,0.9492377282626906,0.0433502197265625,False,-0.0001590012945164032,0.046209322765532974,0.030243290142731062,True,0.9490787269681742,-0.0001590012945164032,1.324899122738789
Kvasir-SEG,kvasir-seg::cju77g99iyxc00817zqi2ppor,dino_patch_average,3,0.8781770932369906,0.9065694783333849,0.223968505859375,False,-0.0283923850963943,0.05666932600918787,0.24824906139209132,True,0.8781770932369906,-0.0283923850963943,1.7317567552561566
Kvasir-SEG,kvasir-seg::cju77j66ez52p08019xygi0co,t18_corrected,4,0.9149144254278728,0.9150072850898494,0.031585693359375,False,-9.285966197658535e-05,0.09424494422045807,0.07098202825876376,True,0.9149144254278728,-9.285966197658535e-05,2.95545075351332
Kvasir-SEG,kvasir-seg::cju77q10sz9ug0801449wu1nu,dino_patch_average,6,0.610585421649163,0.6399105872790083,0.04833984375,False,-0.02932516562984533,0.03573291816108549,0.03795186455579443,True,0.610585421649163,-0.02932516562984533,0.6937423670163609
Kvasir-SEG,kvasir-seg::cju77t0razbvm080106o56289,dino_global_pooling,6,0.72519760270998,0.7232902451330051,0.3171844482421875,False,0.0019073575769749107,0.05353703424743808,0.5147258949906802,True,0.72519760270998,0.0019073575769749107,1.6173944558911781
Kvasir-SEG,kvasir-seg::cju77vvcwzcm50850lzoykuva,anchor_conditioned_patch_correspondence__knn_cond,6,0.9699210552613171,0.9682587363572644,0.0741119384765625,False,0.001662318904052662,0.03796719942043712,0.03297905326510488,True,0.9699210552613171,0.001662318904052662,0.30571754016448505
Kvasir-SEG,kvasir-seg::cju783tmkzkqu081803g7q5vk,dino_global_pooling,4,0.9780065512400562,0.976994484057581,0.112335205078125,False,0.0010120671824751515,0.05176466719925878,0.09581739151189392,True,0.9780065512400562,0.0010120671824751515,2.634311295505751
Kvasir-SEG,kvasir-seg::cju7ctvqn25dy08186g442m1r,anchor_conditioned_target_pooling,6,0.6619391025641026,0.6619391025641026,0.242523193359375,False,0.0,0.21403414633994247,0.10706697688615884,True,0.6619391025641026,0.0,0.35485746807733953
Kvasir-SEG,kvasir-seg::cju7d2q1k27nf08715zshsckt,t18_corrected,3,0.9365412206158261,0.8961510530137982,0.1800384521484375,False,0.04039016760202796,0.03437184445377572,0.3092754721405245,True,0.9365412206158261,0.04039016760202796,2.718831983677548
Kvasir-SEG,kvasir-seg::cju7d7aut2a2p0818z4uxc6cd,dino_global_pooling,5,0.9525598872710193,0.9520676691729323,0.015533447265625,False,0.0004922180980869717,0.05039018484390784,0.03349229920736084,True,0.9525598872710193,0.0004922180980869717,1.7822700110432952
Kvasir-SEG,kvasir-seg::cju7dvl5m2n4t0755hlnnjjet,anchor_conditioned_patch_correspondence__knn_cond,6,0.9518174133558749,0.9518174133558749,0.0263519287109375,False,0.0,0.07813405811315709,0.017318759345263456,True,0.9518174133558749,0.0,0.6547058844612921
Kvasir-SEG,kvasir-seg::cju7ebe962hr409872ovibahw,anchor_conditioned_patch_correspondence__knn_cond,3,0.3147064875510744,0.32817193013151374,0.0858612060546875,False,-0.013465442580439357,0.1352559740197253,0.05819703873619857,False,0.32817193013151374,0.0,2.5922689586822485
Kvasir-SEG,kvasir-seg::cju7eea9b2m0z0801ynqv1fqu,t18_corrected,3,0.5646668413239019,0.5717596719557854,0.057708740234375,False,-0.007092830631883484,0.11016509523155547,0.14165464456248986,False,0.5717596719557854,0.0,2.753037007115066
Kvasir-SEG,kvasir-seg::cju7efffp2ivf0817etg3jehl,t18_corrected,6,0.910584602481749,0.9805927325218755,0.4202728271484375,False,-0.07000813004012651,0.02954662883802717,0.35370528906087395,True,0.910584602481749,-0.07000813004012651,2.3052442571346434
Kvasir-SEG,kvasir-seg::cju7ezs7g2mxm098787atbran,anchor_conditioned_patch_correspondence__knn_pooled,5,0.9827586206896551,0.9812054439403759,0.047088623046875,False,0.0015531767492792392,0.04897891474128758,0.014870038442343988,True,0.9827586206896551,0.0015531767492792392,1.3540566381338486
Kvasir-SEG,kvasir-seg::cju7f4sc62xqj075597xpmuoy,dino_patch_average,5,0.9731513592124399,0.9733721190422914,0.1329498291015625,False,-0.00022075982985148013,0.04533840419957224,0.0422835219436932,True,0.9731513592124399,-0.00022075982985148013,2.0012853599157365
Kvasir-SEG,kvasir-seg::cju7fq7mm2pw508176uk5ugtx,t18_corrected,6,0.9587412953557778,0.9471532846715328,0.2741851806640625,False,0.011588010684244976,0.04269301513575813,0.3188011103732752,True,0.9587412953557778,0.011588010684244976,1.5128454637264497
Kvasir-SEG,kvasir-seg::cju83k8fyjsxr0817d6nxs6r4,anchor_conditioned_patch_correspondence__knn_cond,5,0.9637660485021398,0.9626295105394784,0.1029205322265625,False,0.0011365379626613326,0.037357788875653254,0.03525285895700128,True,0.9637660485021398,0.0011365379626613326,1.280637832547511
Kvasir-SEG,kvasir-seg::cju83kxitjv340987z09m0ezy,t18_corrected,4,0.9482861105607292,0.9486571879936809,0.03704833984375,False,-0.00037107743295172746,0.07267098496855005,0.06644007805699167,True,0.9482861105607292,-0.00037107743295172746,2.2426794658855407
Kvasir-SEG,kvasir-seg::cju83nwu1jxte0987h1krpfmv,anchor_conditioned_patch_correspondence__knn_cond,6,0.959349593495935,0.9599430018999366,0.098419189453125,False,-0.0005934084040016829,0.0482576769513787,0.023861592907334285,True,0.959349593495935,-0.0005934084040016829,1.7285428418312732
Kvasir-SEG,kvasir-seg::cju83qd0yjyht0817ktkfl268,t18_corrected,5,0.9582579867389994,0.7836747293453575,0.2711639404296875,False,0.1745832573936419,0.05167032196876927,0.6604071150682146,True,0.9582579867389994,0.1745832573936419,2.6014827723662544
Kvasir-SEG,kvasir-seg::cju84gpefknwm098714oq8q61,anchor_conditioned_patch_correspondence__knn_cond,5,0.9780833186438687,0.9777594728171335,0.127532958984375,False,0.0003238458267351696,0.02131957012442018,0.03790267158400308,True,0.9780833186438687,0.0003238458267351696,1.3222334224952
Kvasir-SEG,kvasir-seg::cju8567gdlcbq0801dwwyo2jt,anchor_conditioned_patch_correspondence__knn_pooled,6,0.9807717058354141,0.9812194494468742,0.2921905517578125,False,-0.00044774361146016073,0.012709481761426797,0.11732894245885118,True,0.9807717058354141,-0.00044774361146016073,1.7381566221818194
Kvasir-SEG,kvasir-seg::cju85mpuglq8k0818d2it6hzb,t18_corrected,6,0.7646979321529936,0.9063223178746644,0.1494598388671875,False,-0.1416243857216708,0.4401991646489422,0.7303681300998599,False,0.9063223178746644,0.0,2.0327679389620497
Kvasir-SEG,kvasir-seg::cju85plp7lmkw0850rx42jdpf,t18_corrected,4,0.9581850992523846,0.9559754931106688,0.2834320068359375,False,0.0022096061417158364,0.04326277650479736,0.6158026572393642,True,0.9581850992523846,0.0022096061417158364,3.2299443384837447
Kvasir-SEG,kvasir-seg::cju8a2itsq4dv0755ntlovpxe,t18_corrected,4,0.916100605838076,0.9157334312465577,0.0446929931640625,False,0.00036717459151824894,0.026688194342432126,0.17051175409947017,True,0.916100605838076,0.00036717459151824894,1.8554568935631215
Kvasir-SEG,kvasir-seg::cju8aj01yqeqm0850lhdz3xdw,t18_corrected,5,0.9784220427132898,0.9748665480427047,0.2010955810546875,False,0.0035554946705851354,0.012299792519506171,0.2713357091992333,True,0.9784220427132898,0.0035554946705851354,2.52833092660613
Kvasir-SEG,kvasir-seg::cju8arof2qpf20850ifr1bnqj,anchor_conditioned_patch_correspondence__knn_pooled,5,0.7526492955990525,0.7530541012216405,0.092529296875,False,-0.00040480562258804476,0.03549464065776198,0.025982967147706183,True,0.7526492955990525,-0.00040480562258804476,1.432739629692989
Kvasir-SEG,kvasir-seg::cju8azmhcr66e0755t61atz72,anchor_conditioned_patch_correspondence__knn_cond,5,0.9808399290688119,0.9794698544698545,0.174652099609375,False,0.001370074598957438,0.03351021620860923,0.06430580812834628,True,0.9808399290688119,0.001370074598957438,1.0344546604852582
Kvasir-SEG,kvasir-seg::cju8b4ja9r2s808509d45ma86,dino_patch_average,6,0.9499745879619546,0.9300655288586132,0.1917266845703125,False,0.019909059103341398,0.06648084103130898,0.11034498135835034,True,0.9499745879619546,0.019909059103341398,2.0177036002983093
Kvasir-SEG,kvasir-seg::cju8b7aqtr4a00987coba14b7,anchor_conditioned_patch_correspondence__knn_cond,6,0.9694690265486726,0.9694690265486726,0.0339202880859375,False,0.0,0.07153686351969438,0.015582432355038423,True,0.9694690265486726,0.0,0.5551940250061626
Kvasir-SEG,kvasir-seg::cju8c6hnxsdvr0801wn0vrsa6,t18_corrected,3,0.4847833870390261,0.4749652294853964,0.0328521728515625,False,0.009818157553629747,0.0958570992959436,0.06598494228522454,True,0.4847833870390261,0.009818157553629747,2.7510252816821046
Kvasir-SEG,kvasir-seg::cju8chxndsre008015uisl4si,t18_corrected,6,0.9592315901814301,0.949010989010989,0.0333709716796875,False,0.010220601170441102,0.055383508249316635,0.09770398667824146,True,0.9592315901814301,0.010220601170441102,1.9294309603017559
Kvasir-SEG,kvasir-seg::cju8czvnztbf40871b4m7t78w,dino_global_pooling,6,0.9492680011951001,0.9463590050943962,0.1208343505859375,False,0.002908996100703942,0.047185021180299894,0.08380508067348245,True,0.9492680011951001,0.002908996100703942,2.281924634001637
Kvasir-SEG,kvasir-seg::cju8djdqztu6408506pzhlo18,anchor_conditioned_patch_correspondence__knn_cond,6,0.9615863270555048,0.9554749340369393,0.09552001953125,False,0.0061113930185655585,0.040830984350123646,0.019685382991885998,True,0.9615863270555048,0.0061113930185655585,2.376014449584606
Kvasir-SEG,kvasir-seg::cjyzk8qieoboa0848ogj51wwm,dino_patch_average,6,0.6703172124660435,0.7830290220943659,0.3054656982421875,False,-0.11271180962832239,0.1272765646695537,0.25821529921345243,False,0.7830290220943659,0.0,1.6377417597078474
Kvasir-SEG,kvasir-seg::cjyztzaqtrv430848l8xgcerw,t18_corrected,6,0.9175061698426185,0.8801249841658574,0.165435791015625,False,0.037381185676761075,0.017954878495997896,0.23256244500859222,True,0.9175061698426185,0.037381185676761075,3.0270891450239756
Kvasir-SEG,kvasir-seg::ck2bxskgxxzfv08386xkqtqdy,t18_corrected,6,0.96,0.9593566615953054,0.0693511962890625,False,0.000643338404694549,0.13282926860769018,0.13632198964376183,False,0.9593566615953054,0.0,1.463478159378028
CVC-ClinicDB,CVC-ClinicDB::100,t18_corrected,4,0.970873786407767,0.972583313637438,0.064056396484375,False,-0.001709527229670993,0.0736846576591071,0.08725971972461365,True,0.970873786407767,-0.001709527229670993,2.9358736719102527
CVC-ClinicDB,CVC-ClinicDB::111,t18_corrected,6,0.9524005628195888,0.9673644695458081,0.219757080078125,False,-0.014963906726219278,0.02483167744135729,0.3140571456330996,True,0.9524005628195888,-0.014963906726219278,2.293964618337042
CVC-ClinicDB,CVC-ClinicDB::114,anchor_conditioned_patch_correspondence__knn_cond,5,0.9619308761637546,0.959823850400485,0.234039306640625,False,0.002107025763269599,0.017858173588516036,0.060985138656304776,True,0.9619308761637546,0.002107025763269599,1.6180795142983282
CVC-ClinicDB,CVC-ClinicDB::117,dino_patch_average,6,0.4966156699119147,0.48647640365603434,0.0408782958984375,False,0.010139266255880353,0.07706469733141234,0.04373667184632668,True,0.4966156699119147,0.010139266255880353,0.8033709750542339
CVC-ClinicDB,CVC-ClinicDB::136,dino_global_pooling,6,0.9784378301124712,0.9795512461930511,0.12408447265625,False,-0.0011134160805799098,0.010978334534708945,0.125702853374309,True,0.9784378301124712,-0.0011134160805799098,1.5684378470757796
CVC-ClinicDB,CVC-ClinicDB::158,anchor_conditioned_target_pooling__knn_cls,3,0.9681093394077449,0.9697542533081286,0.0400543212890625,False,-0.0016449139003836821,0.12614344467859914,0.02946058324783063,False,0.9697542533081286,0.0,2.4923761279926513
CVC-ClinicDB,CVC-ClinicDB::160,anchor_conditioned_target_pooling__knn_cls,5,0.9606995884773663,0.9618084227910817,0.07354736328125,False,-0.0011088343137154455,0.06013168663682574,0.017643519326383323,True,0.9606995884773663,-0.0011088343137154455,0.8480566798949936
CVC-ClinicDB,CVC-ClinicDB::164,anchor_conditioned_patch_correspondence__knn_cond,6,0.9511158342189161,0.9527098831030818,0.02886962890625,False,-0.0015940488841656997,0.055890709018857426,0.021581401728908187,True,0.9511158342189161,-0.0015940488841656997,1.503949115965096
CVC-ClinicDB,CVC-ClinicDB::169,anchor_conditioned_target_pooling__knn_cls,3,0.974580579562786,0.9736908676954212,0.0608062744140625,False,0.0008897118673647508,0.12323497300170652,0.028725436053571037,False,0.9736908676954212,0.0,2.837573921258617
CVC-ClinicDB,CVC-ClinicDB::175,dino_patch_average,6,0.9745132542430607,0.9731726725019894,0.1310272216796875,False,0.0013405817410713228,0.042530641757126376,0.10372166602423562,True,0.9745132542430607,0.0013405817410713228,1.4586511362381
CVC-ClinicDB,CVC-ClinicDB::179,dino_global_pooling,6,0.9551264617895023,0.9425594442960192,0.030029296875,False,0.012567017493483101,0.08823172625276963,0.03569683019137059,True,0.9551264617895023,0.012567017493483101,2.5114791362077384
CVC-ClinicDB,CVC-ClinicDB::190,dino_global_pooling,3,0.9568170790878214,0.9556578628543736,0.0324249267578125,False,0.001159216233447835,0.03681335474793102,0.031003972440283276,True,0.9568170790878214,0.001159216233447835,3.1496964205743847
CVC-ClinicDB,CVC-ClinicDB::2,dino_global_pooling,3,0.13952421020423775,0.2693483050245185,0.029296875,False,-0.12982409482028076,0.957537893696506,0.8647773902165788,False,0.2693483050245185,0.0,3.407150297068704
CVC-ClinicDB,CVC-ClinicDB::207,dino_global_pooling,6,0.7155963302752294,0.7093404591278999,0.0464324951171875,False,0.006255871147329506,0.053677798587850455,0.05485074512465454,True,0.7155963302752294,0.006255871147329506,1.0222221866078858
CVC-ClinicDB,CVC-ClinicDB::209,dino_global_pooling,6,0.7605839416058394,0.7536656891495601,0.016357421875,False,0.006918252456279306,0.07751853408071292,0.03462917208690356,True,0.7605839416058394,0.006918252456279306,1.1929871412156527
CVC-ClinicDB,CVC-ClinicDB::213,dino_global_pooling,6,0.8490421455938697,0.8397611940298507,0.1088409423828125,False,0.00928095156401898,0.0894528086574467,0.070389192931289,True,0.8490421455938697,0.00928095156401898,1.6257849270404212
CVC-ClinicDB,CVC-ClinicDB::219,t18_corrected,3,0.927902036736224,0.9270962926101021,0.0588836669921875,False,0.0008057441261218878,0.0550651394241208,0.05583509865431638,True,0.927902036736224,0.0008057441261218878,0.7021578912002391
CVC-ClinicDB,CVC-ClinicDB::23,dino_global_pooling,6,0.8564567578223002,0.38644410723318157,0.05828857421875,False,0.4700126505891187,0.6859342435325286,0.9205559051331306,False,0.38644410723318157,0.0,2.5598962189478534
CVC-ClinicDB,CVC-ClinicDB::252,anchor_conditioned_patch_correspondence__knn_pooled,6,0.9256846780162842,0.9244477172312224,0.1046905517578125,False,0.001236960785061747,0.05699384355167281,0.037329802027775756,True,0.9256846780162842,0.001236960785061747,0.4412770333378033
CVC-ClinicDB,CVC-ClinicDB::253,anchor_conditioned_patch_correspondence__knn_pooled,5,0.9393436711143166,0.9381279363932057,0.199127197265625,False,0.001215734721110917,0.03696966534080802,0.06009486366483128,True,0.9393436711143166,0.001215734721110917,0.8235704452136612
CVC-ClinicDB,CVC-ClinicDB::273,dino_patch_average,6,0.8641440549487949,0.8625897499381034,0.21380615234375,False,0.0015543050106914258,0.05642186890667046,0.11996818306056956,True,0.8641440549487949,0.0015543050106914258,1.8759354370114385
CVC-ClinicDB,CVC-ClinicDB::279,anchor_conditioned_patch_correspondence__knn_cond,6,0.9298360655737705,0.9229752066115703,0.0215301513671875,False,0.006860858962200234,0.05676978198189921,0.02067465624327577,True,0.9298360655737705,0.006860858962200234,1.1915016099799942
CVC-ClinicDB,CVC-ClinicDB::293,t18_corrected,4,0.9587912087912088,0.9491764705882353,0.0319671630859375,False,0.009614738202973538,0.014826779602878865,0.15485491901644247,True,0.9587912087912088,0.009614738202973538,2.6305563506535483
CVC-ClinicDB,CVC-ClinicDB::311,dino_patch_average,6,0.9433738511710643,0.9423956110941786,0.024200439453125,False,0.000978240076885739,0.05571130543344878,0.03778614897626289,True,0.9433738511710643,0.000978240076885739,2.381601829678904
CVC-ClinicDB,CVC-ClinicDB::315,anchor_conditioned_patch_correspondence__knn_cond,6,0.9670774799620788,0.9622829428831248,0.17059326171875,False,0.004794537078954053,0.0398836573276881,0.05554527233465806,True,0.9670774799620788,0.004794537078954053,3.062994279473182
CVC-ClinicDB,CVC-ClinicDB::327,anchor_conditioned_patch_correspondence__knn_cond,5,0.9423604757548033,0.9462316176470589,0.03497314453125,False,-0.0038711418922555696,0.048685906183806485,0.03591334023044792,True,0.9423604757548033,-0.0038711418922555696,1.7146017908687483
CVC-ClinicDB,CVC-ClinicDB::330,dino_patch_average,6,0.9506334643949322,0.949798038084247,0.0529937744140625,False,0.0008354263106852278,0.05951682000956664,0.04155500605132842,True,0.9506334643949322,0.0008354263106852278,1.821022946726066
CVC-ClinicDB,CVC-ClinicDB::333,anchor_conditioned_patch_correspondence__knn_cond,6,0.9669592976855547,0.967587418170206,0.049224853515625,False,-0.0006281204846513289,0.05771599245401586,0.02717332899895923,True,0.9669592976855547,-0.0006281204846513289,2.7998732869295373
CVC-ClinicDB,CVC-ClinicDB::335,anchor_conditioned_target_pooling,6,0.9676228344220392,0.9697141239739598,0.054412841796875,False,-0.0020912895519206165,0.039245008147814044,0.021756753855035636,True,0.9676228344220392,-0.0020912895519206165,0.7868692149914838
CVC-ClinicDB,CVC-ClinicDB::345,t18_corrected,5,0.977013791724965,0.9675800325556159,0.109832763671875,False,0.009433759169349187,0.10562633617439587,0.16252902603002348,False,0.9675800325556159,0.0,1.935145412685044
CVC-ClinicDB,CVC-ClinicDB::346,t18_corrected,5,0.9555806087936866,0.9498752551599002,0.0323638916015625,False,0.005705353633786325,0.06219901248170693,0.1790276730721684,True,0.9555806087936866,0.005705353633786325,2.8014576652351058
CVC-ClinicDB,CVC-ClinicDB::356,dino_patch_average,5,0.9495092404279777,0.0,0.0,True,0.9495092404279777,0.45332911615576654,0.8269944251808172,True,0.9495092404279777,0.9495092404279777,10.999188448897568
CVC-ClinicDB,CVC-ClinicDB::370,anchor_conditioned_target_pooling,6,0.9263895843765648,0.9263895843765648,0.0159759521484375,False,0.0,0.04437398101705241,0.01135453122965084,True,0.9263895843765648,0.0,0.34599625586273386
CVC-ClinicDB,CVC-ClinicDB::38,anchor_conditioned_patch_correspondence__knn_cond,6,0.9540687160940325,0.9531560860915175,0.0425872802734375,False,0.0009126300025150691,0.05198295969892124,0.025531645054135934,True,0.9540687160940325,0.0009126300025150691,1.3887855266682623
CVC-ClinicDB,CVC-ClinicDB::40,anchor_conditioned_target_pooling,6,0.9631782945736435,0.9631782945736435,0.070159912109375,False,0.0,0.03620952873919705,0.020394548998893727,True,0.9631782945736435,0.0,0.34599625586273397
CVC-ClinicDB,CVC-ClinicDB::400,dino_global_pooling,5,0.9610453046770058,0.9581962218159659,0.06365966796875,False,0.002849082861039909,0.04878185142585383,0.034543767178249134,True,0.9610453046770058,0.002849082861039909,1.79172587687169
CVC-ClinicDB,CVC-ClinicDB::408,dino_patch_average,6,0.8914995224450812,0.9022994081692054,0.085113525390625,False,-0.010799885724124159,0.06902169146068966,0.059601566746688574,True,0.8914995224450812,-0.010799885724124159,2.525174103282085
CVC-ClinicDB,CVC-ClinicDB::412,dino_global_pooling,5,0.0,0.0,0.0630340576171875,False,0.0,0.2158113840892005,0.5024167084844379,False,0.0,0.0,3.4010450192168573
CVC-ClinicDB,CVC-ClinicDB::419,dino_patch_average,6,0.909894099848714,0.0,0.0,True,0.909894099848714,0.7863134151205221,0.9550936171782421,True,0.909894099848714,0.909894099848714,11.352106496175518
CVC-ClinicDB,CVC-ClinicDB::421,dino_global_pooling,6,0.8730764495875908,0.9145218417945691,0.119720458984375,False,-0.04144539220697829,0.14062483080480886,0.10014361483670488,False,0.9145218417945691,0.0,0.10068435025741451
CVC-ClinicDB,CVC-ClinicDB::422,anchor_conditioned_target_pooling,3,0.9320175438596491,0.9240566285984948,0.2689208984375,False,0.007960915261154278,0.014629568111198367,0.11054573653476123,True,0.9320175438596491,0.007960915261154278,1.1493053114140857
CVC-ClinicDB,CVC-ClinicDB::429,anchor_conditioned_patch_correspondence__knn_cond,6,0.9296850800206505,0.9241365131578947,0.0791473388671875,False,0.005548566862755844,0.05937990302236785,0.03370534984162567,True,0.9296850800206505,0.005548566862755844,1.817711043472278
CVC-ClinicDB,CVC-ClinicDB::439,anchor_conditioned_patch_correspondence__knn_cond,6,0.9395487441464453,0.9428999144568007,0.0738983154296875,False,-0.003351170310355367,0.049814150683513775,0.04026286149845435,True,0.9395487441464453,-0.003351170310355367,1.9389842517136717
CVC-ClinicDB,CVC-ClinicDB::442,dino_global_pooling,5,0.9273934461340758,0.8409463574607636,0.0284881591796875,False,0.08644708867331219,0.15788354407458377,0.06969693418500074,False,0.8409463574607636,0.0,3.3655970523754046
CVC-ClinicDB,CVC-ClinicDB::467,dino_patch_average,5,0.6247123384669853,0.0,0.0,True,0.6247123384669853,0.8458124843319912,0.9726459081890994,True,0.6247123384669853,0.6247123384669853,10.803988188394204
CVC-ClinicDB,CVC-ClinicDB::47,anchor_conditioned_patch_correspondence__knn_cond,6,0.95903180963284,0.958743591830092,0.093505859375,False,0.00028821780274801423,0.03651308171362444,0.03049612322392651,True,0.95903180963284,0.00028821780274801423,2.0051428420563147
CVC-ClinicDB,CVC-ClinicDB::476,dino_patch_average,6,0.850851800882646,0.8496595075955998,0.1417236328125,False,0.0011922932870461755,0.10915503087903076,0.14006808782381105,False,0.8496595075955998,0.0,1.8127966665363164
CVC-ClinicDB,CVC-ClinicDB::48,dino_global_pooling,5,0.9311779769526248,0.932884831010732,0.0496978759765625,False,-0.0017068540581072211,0.0611349980432963,0.030909717784379155,True,0.9311779769526248,-0.0017068540581072211,1.422740416914087
CVC-ClinicDB,CVC-ClinicDB::480,anchor_conditioned_patch_correspondence__knn_cond,5,0.9777440017370536,0.9781782651177939,0.1386566162109375,False,-0.00043426338074037396,0.034503855499491184,0.06722860217552198,True,0.9777440017370536,-0.00043426338074037396,2.2130130400518198
CVC-ClinicDB,CVC-ClinicDB::481,dino_global_pooling,6,0.9204047569372,0.8814317673378076,0.1099090576171875,False,0.03897298959939244,0.12565054175551305,0.19877020107486768,False,0.8814317673378076,0.0,1.5855076044678342
CVC-ClinicDB,CVC-ClinicDB::489,anchor_conditioned_patch_correspondence__knn_pooled,5,0.9509236703207471,0.9410376766485102,0.3186187744140625,False,0.009885993672236859,0.02814856591033635,0.15724067621897045,True,0.9509236703207471,0.009885993672236859,1.508880075053853
CVC-ClinicDB,CVC-ClinicDB::498,dino_global_pooling,4,0.9590055540862206,0.9620415416436041,0.26446533203125,False,-0.003035987557383546,0.05153006790773534,0.21217526804596754,True,0.9590055540862206,-0.003035987557383546,1.0423390984244278
CVC-ClinicDB,CVC-ClinicDB::514,dino_patch_average,6,0.9498409591387326,0.9416485537535529,0.0885772705078125,False,0.008192405385179624,0.09943123598070211,0.07092902436429072,True,0.9498409591387326,0.008192405385179624,1.3653036479783542
CVC-ClinicDB,CVC-ClinicDB::565,t18_corrected,4,0.2846153846153846,0.7807749627421758,0.119873046875,False,-0.49615957812679123,0.550364804390142,0.7674185677598443,False,0.7807749627421758,0.0,2.2605490316408816
CVC-ClinicDB,CVC-ClinicDB::585,dino_global_pooling,3,0.10359832635983264,0.03106936416184971,0.1471405029296875,False,0.07252896219798294,0.6816104457934637,0.7636596804725102,False,0.03106936416184971,0.0,3.234313718236413
CVC-ClinicDB,CVC-ClinicDB::610,t18_corrected,6,0.9622205088666153,0.9622496147919877,0.0405120849609375,False,-2.9105925372419073e-05,0.01413636843449118,0.06139418799563696,True,0.9622205088666153,-2.9105925372419073e-05,2.4660297959514703
CVC-ClinicDB,CVC-ClinicDB::69,t18_corrected,5,0.5586903517938001,0.6065200909780136,0.0279998779296875,False,-0.047829739184213516,0.052719284444139466,0.12976052112211564,True,0.5586903517938001,-0.047829739184213516,1.4017737659641243
CVC-ClinicDB,CVC-ClinicDB::70,dino_global_pooling,4,0.723994452149792,0.7245571378951025,0.0164794921875,False,-0.0005626857453104872,0.07687185617468041,0.07571475968302986,True,0.723994452149792,-0.0005626857453104872,2.7071182918505166
CVC-ClinicDB,CVC-ClinicDB::83,anchor_conditioned_patch_correspondence,6,0.8255672960332583,0.8279756733275413,0.1026763916015625,False,-0.002408377294283004,0.041292481038565865,0.03372243286913335,True,0.8255672960332583,-0.002408377294283004,1.0048504902016953
CVC-ClinicDB,CVC-ClinicDB::90,t18_corrected,5,0.9690588044710837,0.9626183218353923,0.049041748046875,False,0.0064404826356914135,0.07506319582762674,0.05150609894157475,True,0.9690588044710837,0.0064404826356914135,1.030140698267422
CVC-ClinicDB,CVC-ClinicDB::91,anchor_conditioned_patch_correspondence__knn_cond,6,0.9314750290360047,0.9402283411685695,0.0479736328125,False,-0.008753312132564806,0.07293785640021733,0.020456638861257214,True,0.9314750290360047,-0.008753312132564806,2.7426498761786804
