target,selected_family,selected_bridge,selected_dice,fixed_b6_dice,oracle_dice,q_return,q_multi,q_model_mean
kvasir-seg::cju0ue769mxii08019zqgdbxn,dino_global_pooling,3,0.946341,0.949498,0.951840,0.969496,0.968466,0.962971
kvasir-seg::cju13cgqmnhwn0988yrainhcp,anchor_conditioned_target_pooling__knn_cls,6,0.982628,0.982628,0.983759,0.953590,0.995403,0.988991
kvasir-seg::cju16ach3m1da0993r1dq3sn2,anchor_conditioned_patch_correspondence__knn_cls,2,0.983395,0.974156,0.983395,0.000000,0.674967,0.988300
kvasir-seg::cju171py4qiha0835u8sl59ds,t18_corrected,1,0.903484,0.426876,0.903484,0.116106,0.378343,0.456625
kvasir-seg::cju17g6ykn1cs0993dww6qdi8,anchor_conditioned_target_pooling,4,0.759746,0.757461,0.762515,0.938818,0.995169,0.990988
kvasir-seg::cju183od81ff608017ekzif89,anchor_conditioned_target_pooling__knn_pooled,6,0.933490,0.926355,0.955311,0.947647,0.857266,0.970237
kvasir-seg::cju1c0qb4tzi308355wtsnp0y,anchor_conditioned_patch_correspondence__knn_pooled,2,0.755749,0.848667,0.915558,0.962701,0.460593,0.908406
kvasir-seg::cju1cyjb5qtie0993njqne9m3,t18_corrected,2,0.714509,0.942796,0.973317,0.938644,0.724056,0.894115
kvasir-seg::cju1d50a94qf50855wsowacrc,dino_patch_average,6,0.978261,0.981304,0.983491,0.959927,0.943467,0.958710
kvasir-seg::cju1fb9236a110801yvg0fwju,t18_corrected,1,0.971431,0.686630,0.972761,0.956610,0.357933,0.671413
kvasir-seg::cju1ftaji6isw0855108yqcse,t18_corrected,0,0.945680,0.960697,0.961651,0.945171,0.937711,0.941962
kvasir-seg::cju1gv7106qd008784gk603mg,anchor_conditioned_patch_correspondence,3,0.969387,0.946024,0.970340,0.971963,0.984258,0.981988
kvasir-seg::cju1hirfi7ekp0855q0vgm9qq,dino_global_pooling,2,0.908095,0.921790,0.944298,0.862745,0.960962,0.777070
kvasir-seg::cju2i6acqvo6l0799u20fift8,dino_global_pooling,3,0.980425,0.761092,0.980705,0.849612,0.945941,0.991962
kvasir-seg::cju2nguelpmlj0835rojdn097,dino_patch_average,2,0.976519,0.967495,0.977866,0.940113,0.978360,0.982209
kvasir-seg::cju2omjpeqj5a0988pjdlb8l1,dino_patch_average,4,0.983841,0.976848,0.983841,0.955598,0.987595,0.987849
kvasir-seg::cju2p0eveqtdc0835gpi3p93i,t18_corrected,4,0.955545,0.970293,0.970293,0.864322,0.964506,0.953756
kvasir-seg::cju2p4ddkmzxj0993p94o62av,anchor_conditioned_target_pooling__knn_cls,2,0.983859,0.982335,0.983859,0.960697,0.991630,0.984204
kvasir-seg::cju2qh5le1ock0878oahaql7d,anchor_conditioned_patch_correspondence__knn_cond,1,0.976637,0.971173,0.977834,0.892675,0.956979,0.924885
kvasir-seg::cju2qz06823a40878ojcz9ccx,anchor_conditioned_patch_correspondence__knn_cls,5,0.963076,0.870137,0.963076,0.980902,0.902743,0.918826
kvasir-seg::cju2r11x7sdgx0988o8ule0wl,dino_global_pooling,1,0.969025,0.969383,0.974460,0.952325,0.989493,0.979407
kvasir-seg::cju2r7h21sj9608354gzks3ae,anchor_conditioned_target_pooling__knn_cond,4,0.968684,0.965990,0.975280,0.847896,0.991197,0.973118
kvasir-seg::cju2rga4psq9n09881z519xx0,dino_global_pooling,5,0.966882,0.955081,0.966882,0.860841,0.968870,0.965529
kvasir-seg::cju2spdagu1l50835da1f46fr,dino_patch_average,6,0.950671,0.940273,0.957494,0.958971,0.973863,0.714129
kvasir-seg::cju2sxf3iqbpv09937iksn8ep,anchor_conditioned_patch_correspondence__knn_cond,5,0.949633,0.948823,0.959037,0.957700,0.983720,0.977748
kvasir-seg::cju2tjrog4jy30878pawyazqc,dino_patch_average,2,0.968409,0.101653,0.972870,0.858954,0.293963,0.973432
kvasir-seg::cju2u4pymvc720988wsxrmi84,t18_corrected,4,0.903024,0.934598,0.956412,0.013351,0.879698,0.898404
kvasir-seg::cju2urqpwvxw70835rvndvtsi,anchor_conditioned_patch_correspondence,5,0.977155,0.971612,0.977909,0.970392,0.991439,0.967541
kvasir-seg::cju2yb31a8e8u0878wdashg7o,t18_corrected,5,0.980118,0.882760,0.983353,0.946201,0.897491,0.970088
kvasir-seg::cju2ycp1u8g2r0799jslnp7cz,dino_global_pooling,5,0.939412,0.939350,0.945425,0.955070,0.974661,0.972229
kvasir-seg::cju2yo1j1v0qz09934o0e683p,anchor_conditioned_patch_correspondence,2,0.772440,0.632379,0.880691,0.954650,0.849759,0.889685
kvasir-seg::cju2ysg748ru80878sp6j0gm0,dino_global_pooling,4,0.854279,0.713597,0.854279,0.950499,0.799460,0.964302
kvasir-seg::cju2zkpdl9h7t0799ix60teqg,t18_corrected,5,0.939669,0.931022,0.955290,0.955449,0.896594,0.908363
kvasir-seg::cju30ajhw09sx0988qyahx9s8,t18_corrected,2,0.803086,0.304284,0.907212,0.975703,0.443322,0.736490
kvasir-seg::cju30bmab08bi0835mvlr6e0r,t18_corrected,4,0.950132,0.938934,0.963445,0.841121,0.977694,0.980194
kvasir-seg::cju32csyfblyh080170aa3x5p,t18_corrected,2,0.975631,0.973242,0.976010,0.850077,0.989426,0.984440
kvasir-seg::cju32phw2bv130801yj7bkouq,anchor_conditioned_patch_correspondence,6,0.520468,0.496925,0.520468,0.936234,0.649608,0.729393
kvasir-seg::cju32upim1z7u0988l883nqp6,dino_patch_average,1,0.934053,0.938111,0.973045,0.966997,0.926590,0.962407
kvasir-seg::cju334jzo261t0835yqudnfs1,dino_global_pooling,3,0.979703,0.977360,0.980443,0.878205,0.992512,0.987818
kvasir-seg::cju3v11mrgwwb0755u242ygye,dino_patch_average,2,0.951988,0.934426,0.954332,0.953492,0.977349,0.961090
kvasir-seg::cju40jl7skiuo0817p0smlgg8,anchor_conditioned_target_pooling__knn_cond,2,0.817901,0.157733,0.830050,0.869707,0.473499,0.637101
kvasir-seg::cju40w3hbkwpn08015rbs3wko,dino_patch_average,5,0.942860,0.892946,0.942860,0.949379,0.870896,0.657691
kvasir-seg::cju41s6nbleqy0755e2mslg0b,t18_corrected,2,0.973994,0.965140,0.976018,0.862876,0.991347,0.973478
kvasir-seg::cju422cm8lfxn0818ojicxejb,anchor_conditioned_target_pooling,4,0.973067,0.974511,0.977446,0.964453,0.982294,0.966197
kvasir-seg::cju43b8daly4408170e5ev06g,t18_corrected,6,0.344769,0.360630,0.981126,0.000000,0.478081,0.768344
kvasir-seg::cju43c92lm5cj0755lorsorfg,anchor_conditioned_patch_correspondence__knn_cond,5,0.813499,0.809265,0.813499,0.845426,0.883301,0.295652
kvasir-seg::cju43in5fm22c08175rxziqrk,t18_corrected,3,0.967791,0.349242,0.981268,0.947630,0.420581,0.936323
kvasir-seg::cju43jcqim2cp08172dvjvyui,dino_patch_average,6,0.946124,0.938365,0.956836,0.958091,0.956756,0.969657
kvasir-seg::cju5hjxaae3i40850h5z2laf5,dino_global_pooling,5,0.878153,0.975432,0.978601,0.953840,0.885864,0.857452
kvasir-seg::cju5huurrecm70801y680y13m,dino_global_pooling,2,0.972973,0.971691,0.972973,0.874419,0.992726,0.981562
kvasir-seg::cju5k7r0yf98c09878csbxb4d,anchor_conditioned_patch_correspondence__knn_cond,3,0.941044,0.971135,0.974684,0.951445,0.965653,0.492746
kvasir-seg::cju5kre09fhka0850h7b1898j,t18_corrected,0,0.975255,0.959945,0.975255,0.955267,0.941019,0.740373
kvasir-seg::cju5tenjojp1j0755ms4949h2,anchor_conditioned_target_pooling__knn_pooled,2,0.963636,0.952826,0.974876,0.000000,0.983229,0.973272
kvasir-seg::cju5u6wf0kh1t0755bg1ssixv,anchor_conditioned_target_pooling__knn_cls,2,0.911987,0.276702,0.969437,0.943645,0.297153,0.780809
kvasir-seg::cju5ukkg6kv7u08011x2b6zl5,anchor_conditioned_target_pooling,1,0.960330,0.956235,0.967061,0.970067,0.983496,0.975671
kvasir-seg::cju5vbo6jldrt0871jf6f1700,dino_patch_average,4,0.968187,0.963244,0.971514,0.949194,0.985373,0.981227
kvasir-seg::cju5wqonpm0e60801z88ewmy1,dino_global_pooling,1,0.939305,0.801574,0.939794,0.969662,0.513376,0.906214
kvasir-seg::cju5wrrs0m2af0818vmnajbtw,anchor_conditioned_target_pooling,5,0.955758,0.921960,0.955758,0.842607,0.974193,0.954279
kvasir-seg::cju5yclrymlgj0818k426ud6z,t18_corrected,4,0.947419,0.957373,0.962721,0.957696,0.986626,0.954005
kvasir-seg::cju6uzxk0v83p0801rcwnexdu,t18_corrected,3,0.951295,0.000000,0.972240,0.921010,0.201752,0.938969
kvasir-seg::cju6v5ilsv8hk0850rb5sgh6o,dino_patch_average,2,0.903350,0.932570,0.944067,0.831395,0.972966,0.966641
kvasir-seg::cju6wi3akvn8r0801px8eligc,dino_global_pooling,6,0.875804,0.895308,0.913035,0.958301,0.740439,0.909730
kvasir-seg::cju6z600qwh4z081700qimgl9,anchor_conditioned_patch_correspondence__knn_cls,2,0.940938,0.947404,0.953826,0.951396,0.985683,0.978384
kvasir-seg::cju77g99iyxc00817zqi2ppor,dino_global_pooling,5,0.815645,0.831209,0.923620,0.967071,0.626073,0.919561
kvasir-seg::cju77j66ez52p08019xygi0co,dino_global_pooling,5,0.927224,0.914725,0.943016,0.868590,0.952496,0.945156
kvasir-seg::cju77q10sz9ug0801449wu1nu,anchor_conditioned_patch_correspondence__knn_cls,4,0.608886,0.566090,0.644284,0.851393,0.843022,0.892823
kvasir-seg::cju77t0razbvm080106o56289,anchor_conditioned_patch_correspondence__knn_cond,2,0.741528,0.275306,0.751272,0.937077,0.498566,0.909812
kvasir-seg::cju77vvcwzcm50850lzoykuva,anchor_conditioned_target_pooling__knn_pooled,6,0.958072,0.916807,0.962097,0.959765,0.961435,0.981213
kvasir-seg::cju783tmkzkqu081803g7q5vk,anchor_conditioned_patch_correspondence__knn_cls,6,0.972481,0.971787,0.978766,0.967314,0.991991,0.976887
kvasir-seg::cju7ctvqn25dy08186g442m1r,anchor_conditioned_patch_correspondence,0,0.713608,0.945129,0.955356,0.000000,0.649018,0.889876
kvasir-seg::cju7d2q1k27nf08715zshsckt,anchor_conditioned_target_pooling__knn_cond,1,0.768585,0.941151,0.963255,0.638032,0.358499,0.798290
kvasir-seg::cju7d7aut2a2p0818z4uxc6cd,anchor_conditioned_target_pooling,2,0.948960,0.945920,0.950495,0.954910,0.990717,0.966276
kvasir-seg::cju7dvl5m2n4t0755hlnnjjet,dino_global_pooling,0,0.939508,0.932982,0.941040,0.867982,0.990011,0.976980
kvasir-seg::cju7ebe962hr409872ovibahw,dino_patch_average,0,0.427878,0.274484,0.427878,0.944961,0.688698,0.562821
kvasir-seg::cju7eea9b2m0z0801ynqv1fqu,t18_corrected,4,0.453668,0.566940,0.602383,0.953846,0.023491,0.339023
kvasir-seg::cju7efffp2ivf0817etg3jehl,anchor_conditioned_patch_correspondence__knn_cond,4,0.911247,0.855910,0.911247,0.000000,0.767358,0.898652
kvasir-seg::cju7ezs7g2mxm098787atbran,t18_corrected,1,0.977961,0.972389,0.977961,0.857143,0.983581,0.974425
kvasir-seg::cju7f4sc62xqj075597xpmuoy,anchor_conditioned_patch_correspondence,3,0.969117,0.951902,0.969117,0.971773,0.962525,0.987012
kvasir-seg::cju7fq7mm2pw508176uk5ugtx,dino_global_pooling,5,0.970901,0.954461,0.970901,0.946724,0.716858,0.956439
kvasir-seg::cju83k8fyjsxr0817d6nxs6r4,dino_global_pooling,4,0.953493,0.936404,0.953493,0.844512,0.957814,0.981785
kvasir-seg::cju83kxitjv340987z09m0ezy,t18_corrected,6,0.938351,0.922481,0.946224,0.981840,0.985145,0.981159
kvasir-seg::cju83nwu1jxte0987h1krpfmv,anchor_conditioned_patch_correspondence,4,0.971664,0.961353,0.972002,0.946733,0.952302,0.975170
kvasir-seg::cju83qd0yjyht0817ktkfl268,dino_patch_average,4,0.836309,0.598938,0.953442,0.952204,0.521217,0.979725
kvasir-seg::cju84gpefknwm098714oq8q61,dino_global_pooling,1,0.976601,0.973697,0.976601,0.838039,0.994084,0.981594
kvasir-seg::cju8567gdlcbq0801dwwyo2jt,anchor_conditioned_target_pooling__knn_pooled,3,0.978805,0.977306,0.979871,0.000000,0.839008,0.985972
kvasir-seg::cju85mpuglq8k0818d2it6hzb,anchor_conditioned_patch_correspondence,4,0.845641,0.881027,0.920934,0.966085,0.896083,0.832210
kvasir-seg::cju85plp7lmkw0850rx42jdpf,anchor_conditioned_patch_correspondence__knn_cond,2,0.886764,0.000000,0.968001,0.918485,0.559695,0.758390
kvasir-seg::cju8a2itsq4dv0755ntlovpxe,anchor_conditioned_target_pooling__knn_cls,1,0.922272,0.926930,0.942726,0.000000,0.985751,0.972981
kvasir-seg::cju8aj01yqeqm0850lhdz3xdw,dino_global_pooling,0,0.928946,0.964624,0.972066,0.957657,0.819639,0.880416
kvasir-seg::cju8arof2qpf20850ifr1bnqj,anchor_conditioned_target_pooling__knn_cls,5,0.742360,0.738226,0.742360,0.974625,0.981949,0.970343
kvasir-seg::cju8azmhcr66e0755t61atz72,anchor_conditioned_target_pooling__knn_cls,1,0.976377,0.978850,0.979760,0.945583,0.966142,0.984277
kvasir-seg::cju8b4ja9r2s808509d45ma86,dino_global_pooling,5,0.892772,0.370537,0.968135,0.963636,0.746164,0.683371
kvasir-seg::cju8b7aqtr4a00987coba14b7,t18_corrected,1,0.957149,0.947152,0.957365,0.955441,0.984194,0.979899
kvasir-seg::cju8c6hnxsdvr0801wn0vrsa6,anchor_conditioned_target_pooling,2,0.504438,0.604545,0.683307,0.966563,0.655236,0.782604
kvasir-seg::cju8chxndsre008015uisl4si,anchor_conditioned_target_pooling,4,0.961513,0.958097,0.962354,0.968944,0.787266,0.945501
kvasir-seg::cju8czvnztbf40871b4m7t78w,dino_patch_average,6,0.956723,0.914629,0.958299,0.848765,0.964011,0.983665
kvasir-seg::cju8djdqztu6408506pzhlo18,t18_corrected,3,0.957650,0.819922,0.984149,0.000000,0.937600,0.960505
kvasir-seg::cjyzk8qieoboa0848ogj51wwm,t18_corrected,2,0.683511,0.658683,0.721409,0.968537,0.744297,0.883367
kvasir-seg::cjyztzaqtrv430848l8xgcerw,dino_global_pooling,6,0.924776,0.271605,0.924776,0.836248,0.586330,0.928326
kvasir-seg::ck2bxskgxxzfv08386xkqtqdy,dino_patch_average,4,0.855790,0.854565,0.952120,0.973233,0.743918,0.958756
