setting,target_id,b0,best_b1_b6,best_bridge,delta_best_vs_b0,b6,delta_b6_vs_b0,b1,b2,b3,b4,b5
base,ISIC_0000000,0.9629205729385825,0.9667063618523675,6,0.0037857889137850043,0.9667063618523675,0.0037857889137850043,0.963409094732592,0.9605331983464102,0.9629841601158112,0.9661861690523736,0.9665156852877034
base,ISIC_0000015,0.9586553067829073,0.9698171551492336,6,0.011161848366326277,0.9698171551492336,0.011161848366326277,0.9622116149562451,0.9684427318628753,0.9672839299467568,0.9696828046744574,0.9674091441969519
base,ISIC_0000018,0.9417761742411704,0.957314274473805,4,0.015538100232634577,0.9546475663356666,0.01287139209449617,0.9479825949367089,0.9534087917873124,0.9554165165263537,0.957314274473805,0.9571997023713241
base,ISIC_0000025,0.8596467754883597,0.8791791481596254,6,0.01953237267126573,0.8791791481596254,0.01953237267126573,0.8655779742222822,0.8606719699258215,0.8702891901994767,0.8647809356646189,0.8726664618954985
base,ISIC_0000040,0.8454345615013616,0.862600601182973,1,0.017166039681611345,0.8232737000501589,-0.022160861451202774,0.862600601182973,0.8443729269974714,0.836694214876033,0.8360785870212344,0.8242173143105349
base,ISIC_0000047,0.883448275862069,0.9200546976620084,1,0.03660642179993945,0.8968007904330346,0.013352514570965646,0.9200546976620084,0.8996125875076463,0.9059332342208406,0.893936806148591,0.9008825526137135
base,ISIC_0000054,0.9716314600294086,0.9709787081767758,1,-0.0006527518526328047,0.9650571562511269,-0.00657430377828172,0.9709787081767758,0.9652834766475185,0.9660572536906002,0.9646274594129663,0.9658153524728936
base,ISIC_0000061,0.9649468294604174,0.9702392530636063,3,0.005292423603188823,0.9672825156001468,0.0023356861397293427,0.9660167951677061,0.9692716329166362,0.9702392530636063,0.9688771904170018,0.9686715264402564
base,ISIC_0000065,0.9847808203079093,0.9879181880250542,6,0.003137367717144901,0.9879181880250542,0.003137367717144901,0.9832799506332461,0.9811816192560175,0.9798469536772008,0.9778334449914072,0.9874402971873342
base,ISIC_0000069,0.8677955405973917,0.9725462472016024,6,0.10475070660421071,0.9725462472016024,0.10475070660421071,0.8738804415746719,0.9070184696569921,0.9684711481261155,0.970928858425904,0.9713446858485026
base,ISIC_0000072,0.9166666666666666,0.7880719326200774,1,-0.12859473404658928,0.7335698935479035,-0.18309677311876316,0.7880719326200774,0.7319759510938211,0.7243579925460765,0.7344801795063575,0.7317097564634695
base,ISIC_0000078,0.9365593720746022,0.9356117960920037,1,-0.0009475759825984253,0.9270810614322065,-0.009478310642395682,0.9356117960920037,0.9348437838227867,0.9337667027807873,0.9308895972181976,0.9318954910617355
base,ISIC_0000091,0.7060711629545543,0.7151886154946934,1,0.00911745254013907,0.6578104527587713,-0.04826071019578304,0.7151886154946934,0.6739754633255025,0.6696564248915904,0.6652185118368249,0.6609376142763109
base,ISIC_0000109,0.5741659790894426,0.8834188428354567,5,0.30925286374601413,0.8775930445393533,0.3034270654499107,0.5750252755653096,0.5733988936693301,0.5838559072759816,0.5713900730070067,0.8834188428354567
base,ISIC_0000110,0.19499315194216568,0.197579260615772,1,0.0025861086736063132,0.1931846795176678,-0.0018084724244978867,0.197579260615772,0.19405879377213198,0.19388442747234233,0.193721243407025,0.19383544339331332
base,ISIC_0000113,0.32003137297326534,0.911991199119912,3,0.5919598261466467,0.9096504524367277,0.5896190794634624,0.3190993056023731,0.8690004298199532,0.911991199119912,0.8987981996195072,0.9039589781493972
base,ISIC_0000131,0.002640747045067689,0.9719490615844284,6,0.9693083145393607,0.9719490615844284,0.9693083145393607,0.027710824638064284,0.015202702702702704,0.3235344861909249,0.9707018206103546,0.9692410081310223
base,ISIC_0000143,0.8045886851652123,0.8100325732899023,2,0.005443888124689988,0.8030685506343639,-0.001520134530848427,0.8055691734483773,0.8100325732899023,0.803459686138322,0.8039562454968232,0.8013788575180565
base,ISIC_0000154,0.9697911004115866,0.9708813453752725,4,0.0010902449636859268,0.9687206756334064,-0.0010704247781802012,0.9692822147911968,0.9705356448728912,0.9692247760031165,0.9708813453752725,0.9684128225175919
base,ISIC_0000164,0.5423169680232921,0.5500503018108652,1,0.007733333787573127,0.5377822814128547,-0.004534686610437433,0.5500503018108652,0.5462315654257552,0.5377652326260464,0.5365028748127748,0.5354723021193121
base,ISIC_0000211,0.9157993217167583,0.9178242091747403,1,0.0020248874579820164,0.8773990434098202,-0.03840027830693804,0.9178242091747403,0.8819343945972021,0.8809222041161204,0.8817321030094687,0.8785532841417685
base,ISIC_0000217,0.9505806398665007,0.9486209354608762,1,-0.0019597044056244295,0.9386840102400885,-0.011896629626412136,0.9486209354608762,0.9462519234996702,0.9473221883664114,0.9450053646592753,0.9433920674500944
base,ISIC_0000222,0.9780175045796865,0.9801104656154308,4,0.0020929610357443007,0.9795597708866003,0.0015422663069137865,0.9797799115639444,0.9800449811623476,0.9784047220912119,0.9801104656154308,0.9790233739547362
base,ISIC_0000246,0.9565786469827258,0.9586031417122484,1,0.002024494729522597,0.9301486106865785,-0.026430036296147263,0.9586031417122484,0.9190524048815506,0.9200310335909888,0.9242794192010403,0.9263459783600574
base,ISIC_0000250,0.9476488064747465,0.9676773240529781,6,0.020028517578231653,0.9676773240529781,0.020028517578231653,0.9573793767906493,0.9562434923940372,0.9643036701860231,0.963874213836478,0.9623350740432403
base,ISIC_0000276,0.9766954132089458,0.9795265400032355,1,0.002831126794289651,0.9771075779926788,0.00041216478373296006,0.9795265400032355,0.9667358560860078,0.9747479318646707,0.9770593043320316,0.9761639888388379
base,ISIC_0000292,0.9428945563384673,0.9351462069138843,4,-0.007748349424583023,0.9342712960749028,-0.008623260263564525,0.9344860565790798,0.9325490294869696,0.9256254998286302,0.9351462069138843,0.931480569964535
base,ISIC_0000295,0.9414801668702607,0.9563935496213272,2,0.014913382751066462,0.9559156883310214,0.014435521460760659,0.9409552376557453,0.9563935496213272,0.9548872180451128,0.9553434425489665,0.9562180310507222
base,ISIC_0000301,0.9734465835466788,0.9709448935696804,2,-0.0025016899769984002,0.9631105374413079,-0.010336046105370866,0.9629872379472102,0.9709448935696804,0.9673623652510659,0.9660264777176953,0.9644391318964551
base,ISIC_0000306,0.9359022657553415,0.9450882703346691,4,0.009186004579327611,0.9437909913816467,0.00788872562630516,0.9370893030270386,0.9410304828702455,0.943253194715183,0.9450882703346691,0.9420392199467652
base,ISIC_0000313,0.9121427271072274,0.9303690974832636,6,0.01822637037603614,0.9303690974832636,0.01822637037603614,0.9122615407019077,0.9267959770114943,0.9201243313575249,0.9301392917248541,0.9297560626141778
base,ISIC_0000322,0.9093916255478678,0.942611306189187,3,0.033219680641319194,0.9396349518751179,0.03024332632725013,0.9204656729409205,0.9423009986880505,0.942611306189187,0.9360932692826686,0.9293426267596009
base,ISIC_0000326,0.894656654695832,0.9354518371400199,5,0.040795182444187894,0.9329769952313578,0.0383203405355258,0.8991760624457936,0.8940624829616706,0.9041495569483466,0.9095601677599742,0.9354518371400199
base,ISIC_0000378,0.8905067118152135,0.8922103636451442,2,0.001703651829930708,0.8845115634347414,-0.005995148380472104,0.8896526685223285,0.8922103636451442,0.8868721184178597,0.8890826310181149,0.8839144504732476
base,ISIC_0000386,0.9598262757871878,0.9638610836975422,2,0.004034807910354377,0.9604877587673694,0.0006614829801815381,0.9620528330419167,0.9638610836975422,0.9626031596321623,0.9602119506079387,0.9613280513110734
base,ISIC_0000387,0.9291038858049168,0.9379061937201472,6,0.0088023079152304,0.9379061937201472,0.0088023079152304,0.9284808119251506,0.9342778433687524,0.9336798991808444,0.9374804136634284,0.9364643053483076
base,ISIC_0000391,0.8458306577378222,0.9247861778484548,4,0.07895552011063267,0.9165853975684286,0.07075473983060643,0.8457426704821553,0.9042804621848739,0.9135486112619167,0.9247861778484548,0.9089957246313585
base,ISIC_0000408,0.9546817098213232,0.9643688492475051,2,0.009687139426181934,0.949202017205577,-0.005479692615746212,0.952753671167443,0.9643688492475051,0.9493765497277225,0.9494264055140996,0.9498499887343318
base,ISIC_0000444,0.8437072503419972,0.8612159329140461,5,0.01750868257204885,0.8606873428331936,0.016980092491196364,0.18896756318043156,0.8532048029764925,0.8605196982397317,0.8609038316424918,0.8612159329140461
base,ISIC_0000451,0.27402683672113726,0.28197511039743073,4,0.007948273676293471,0.2807874580186112,0.006760621297473957,0.2777674418604651,0.2774244094174512,0.28028940320582,0.28197511039743073,0.28053455436055796
base,ISIC_0000458,0.9200819672131147,0.9146065922381712,1,-0.005475374974943548,0.9050747469330295,-0.015007220280085276,0.9146065922381712,0.9058323004254464,0.9065648957182552,0.9125108196284706,0.9067541334761363
base,ISIC_0000482,0.9844562872731887,0.9847214753424224,1,0.00026518806923370164,0.9801619687362672,-0.004294318536921526,0.9847214753424224,0.9815169297392287,0.980483067573071,0.9811711542082471,0.980687233508904
base,ISIC_0000515,0.8358976371771725,0.9241176683956618,4,0.08822003121848931,0.9209080656310256,0.08501042845385309,0.9162284545720129,0.9189986882378662,0.9158946810648834,0.9241176683956618,0.9168690317515383
base,ISIC_0000882,0.1762032667876588,0.1777517392896375,5,0.0015484725019787038,0.1772610422996027,0.0010577755119439147,0.1776788720846815,0.17769187970365163,0.17736725954722826,0.1775151391042331,0.1777517392896375
base,ISIC_0001140,0.9746959540022787,0.9788454454559806,5,0.0041494914537019145,0.975107250675282,0.0004112966730033252,0.9739278041535157,0.9721594384024251,0.9759581052130445,0.977225345050537,0.9788454454559806
base,ISIC_0001212,0.885474006116208,0.9126242178873758,4,0.02715021177116783,0.8710526315789474,-0.014421374537260556,0.8786748246530368,0.8935858992174358,0.9015046885222069,0.9126242178873758,0.8817640692640693
base,ISIC_0001267,0.9217077260415323,0.9178152118427769,1,-0.003892514198755359,0.8992248062015504,-0.022482919839981852,0.9178152118427769,0.9032664900996342,0.8993742177722153,0.9052631578947369,0.8897394740091369
base,ISIC_0001372,0.9012189995796553,0.9045956139125576,1,0.0033766143329022613,0.8951817413355875,-0.006037258244067867,0.9045956139125576,0.8433628318584071,0.8954929577464789,0.894870349492672,0.8970464135021097
base,ISIC_0001852,0.9301442672741078,0.9297379415115837,2,-0.0004063257625240846,0.9277016742770168,-0.002442592997091042,0.8901142181961402,0.9297379415115837,0.9293313069908815,0.9285171102661597,0.9293313069908815
base,ISIC_0002107,0.886226034308779,0.8999751799453959,4,0.013749145636616888,0.8970661362506216,0.010840101941842595,0.8846518088263148,0.8836680560818492,0.8949566735240945,0.8999751799453959,0.8958605664488017
base,ISIC_0002976,0.8846153846153846,0.9208186892702088,6,0.03620330465482424,0.9208186892702088,0.03620330465482424,0.8779019776440241,0.9100020881186052,0.9113660062565172,0.9122733902896437,0.9190308552495341
base,ISIC_0003582,0.912224524392541,0.9429040496169281,1,0.030679525224387105,0.9121484761411277,-7.604825141327431e-05,0.9429040496169281,0.9120459791774627,0.909991976211828,0.9121997173810645,0.9122509537939805
base,ISIC_0004115,0.16167363490616454,0.1798566182899108,5,0.01818298338374627,0.17965243210199983,0.017978797195835283,0.16068862088358432,0.15799093771599723,0.15999626685747173,0.17699998279214635,0.1798566182899108
base,ISIC_0004346,0.9455177743431221,0.9327390599675851,3,-0.012778714375537015,0.9205761316872428,-0.02494164265587928,0.9233278955954323,0.9242702592365789,0.9327390599675851,0.9304878048780488,0.9323857868020304
base,ISIC_0006350,0.22401076947312645,0.2372552291101033,6,0.013244459636976846,0.2372552291101033,0.013244459636976846,0.23180545058462632,0.23283368809633676,0.23583156180740875,0.23618765760188443,0.23689949718301326
base,ISIC_0007038,0.8209959623149394,0.7589539511085844,5,-0.062042011206355,0.7582480091012515,-0.06274795321368798,0.7525714285714286,0.7500715717148583,0.7497136311569301,0.7454022988505747,0.7589539511085844
base,ISIC_0007141,0.7169849862118272,0.7029927760577915,1,-0.013992210154035623,0.694904657705533,-0.022080328506294156,0.7029927760577915,0.6916053633849846,0.6930455635491607,0.6908293294338834,0.6945876959941658
base,ISIC_0007322,0.8285988747083848,0.8482805124747134,6,0.019681637766328586,0.8482805124747134,0.019681637766328586,0.8321247776713641,0.8382532988709019,0.837012810029981,0.8352668213457076,0.844227906347273
base,ISIC_0008256,0.8887162555836084,0.9115465094160168,6,0.02283025383240833,0.9115465094160168,0.02283025383240833,0.8987682832948422,0.893230174081238,0.908640091550639,0.8985563041385948,0.9082236214462889
base,ISIC_0008600,0.9139734582357533,0.9510278764395652,2,0.037054418203811945,0.935141696131722,0.021168237895968778,0.9245074862096139,0.9510278764395652,0.9438574020706586,0.9417522208628119,0.9462504023173479
base,ISIC_0008879,0.8462819089900111,0.8576923076923076,4,0.011410398702296543,0.8567500687379709,0.010468159747959782,0.8551762114537445,0.8573784006595219,0.8558062740781508,0.8576923076923076,0.8567500687379709
base,ISIC_0009860,0.917182199161844,0.922129519268971,1,0.004947320107127062,0.9109821964392879,-0.006200002722556053,0.922129519268971,0.9130173965206959,0.9121472883730238,0.9181043029942495,0.849478390461997
base,ISIC_0009868,0.8456951357744813,0.8488154919885973,2,0.0031203562141159935,0.8441571259376234,-0.0015380098368579231,0.8435864520588525,0.8488154919885973,0.848079476712733,0.8474559590591477,0.8426722008103568
base,ISIC_0009879,0.9044904544232321,0.9244265638532674,4,0.01993610943003532,0.9212222687316869,0.01673181430845483,0.9074602527517326,0.9212070175438597,0.9223792566214111,0.9244265638532674,0.9232319274579497
base,ISIC_0009880,0.876665357002536,0.8858580133201077,4,0.009192656317571712,0.8799857549857549,0.0033203979832189257,0.877587437544611,0.8837622005323869,0.845108695652174,0.8858580133201077,0.844089973537195
base,ISIC_0009895,0.8778323454699407,0.9365477618995673,6,0.05871541642962663,0.9365477618995673,0.05871541642962663,0.8909445986226745,0.8846833378635499,0.9196667977548175,0.9126643796455117,0.9236828792368288
base,ISIC_0009930,0.8517191977077364,0.9309769923307769,5,0.0792577946230405,0.925963149078727,0.0742439513709906,0.8829268292682927,0.8282163742690059,0.9227150537634409,0.8471772743617404,0.9309769923307769
base,ISIC_0009951,0.8846641318124208,0.8712085370341166,1,-0.013455594778304159,0.8654262910301813,-0.019237840782239446,0.8712085370341166,0.8483824239497827,0.8422330097087378,0.8672524341011636,0.8632933513384701
base,ISIC_0009958,0.8750284802916382,0.9129778933680104,2,0.03794941307637223,0.9109689597315436,0.035940479439905415,0.9002925026941038,0.9129778933680104,0.9097014533816045,0.9117185045554508,0.9110730415823081
base,ISIC_0009961,0.910136592379583,0.9401356531996461,6,0.029999060820063095,0.9401356531996461,0.029999060820063095,0.8990559186637618,0.9010390352129692,0.9375119272280061,0.8963113307447935,0.8949461035518643
base,ISIC_0009967,0.9676711848050182,0.9791230841480596,5,0.01145189934304136,0.977224260001706,0.0095530751966878,0.9749709214664197,0.9780628608082104,0.9763483170095376,0.9786653012459464,0.9791230841480596
base,ISIC_0009972,0.8506542845082313,0.8527850341282548,4,0.0021307496200234644,0.8449007296792805,-0.005753554828950791,0.8452926208651399,0.8487103594080339,0.851526910747427,0.8527850341282548,0.8486129905277402
base,ISIC_0009976,0.741407656776012,0.7392541087231352,4,-0.002153548052876708,0.7341531138437128,-0.007254542932299102,0.7134333172069021,0.7233157305168827,0.7318391352726117,0.7392541087231352,0.731536688131012
base,ISIC_0009979,0.18729885695261347,0.7383666604373015,5,0.551067803484688,0.1873014551860946,2.5982334811158747e-06,0.18704457928130108,0.1871119733924612,0.1874444691248334,0.7320875199549254,0.7383666604373015
base,ISIC_0009992,0.864782071263503,0.9498711926049401,2,0.08508912134143709,0.9395823748534453,0.07480030358994227,0.8859433897608114,0.9498711926049401,0.9438548237615474,0.9495596477181746,0.9490867164269676
base,ISIC_0010015,0.9837886921453943,0.983829650976625,1,4.095883123067523e-05,0.9834434429079627,-0.00034524923743162184,0.983829650976625,0.9830816032449164,0.9834743839602744,0.9836275740498384,0.9695749908515866
base,ISIC_0010025,0.9367237739924402,0.9415417981072555,5,0.004818024114815245,0.9407527995658823,0.004029025573442091,0.9374260938115885,0.9130544993662865,0.9360626486915147,0.9376050627904677,0.9415417981072555
base,ISIC_0010046,0.7800097991180793,0.7633035334184759,3,-0.01670626569960343,0.7590773173857326,-0.02093248173234674,0.7503584743332378,0.7530404922020317,0.7633035334184759,0.7583701381963243,0.7596954386963638
base,ISIC_0010053,0.8851892285298398,0.9118723603941812,1,0.026683131864341347,0.8832698930578213,-0.0019193354720185019,0.9118723603941812,0.9046336707215155,0.8954867175291846,0.8938434718781539,0.8862417022824407
base,ISIC_0010066,0.942796962474364,0.9599418510741399,2,0.01714488859977592,0.9460601541138454,0.003263191639481411,0.9444413701510708,0.9599418510741399,0.9449437270137986,0.9423567232014189,0.9450312448155727
base,ISIC_0010067,0.8671107139956137,0.8572597137014315,4,-0.009851000294182177,0.855134074558535,-0.011976639437078718,0.8539575448412046,0.846928207465098,0.8433344414893617,0.8572597137014315,0.8498578901841249
base,ISIC_0010093,0.8562376563528638,0.9169711575837673,2,0.0607335012309036,0.900394944707741,0.0441572883548772,0.8643253033377365,0.9169711575837673,0.8565869166050043,0.9077671171995504,0.9066907397231598
base,ISIC_0010094,0.9771811059557314,0.9770009900236083,1,-0.00018011593212308163,0.9754092177717433,-0.0017718881839881018,0.9770009900236083,0.975844672068491,0.9758668092255995,0.9760433356221866,0.9756525721263929
base,ISIC_0010105,0.8730092948907703,0.888187134502924,6,0.015177839612153687,0.888187134502924,0.015177839612153687,0.87527352297593,0.8638076439978467,0.8572975574539766,0.8564031549160094,0.8588079788512377
base,ISIC_0010183,0.7328064929517301,0.9227957971676565,4,0.1899893042159264,0.25429984498412933,-0.47850664796760073,0.7471977364239852,0.9180737961225766,0.9205226748654881,0.9227957971676565,0.2532715777091604
base,ISIC_0010185,0.9371481310567605,0.9494296236414264,5,0.01228149258466582,0.8677611038372445,-0.06938702721951606,0.9322944653412144,0.9389391255709891,0.9457021903184244,0.9452369995398067,0.9494296236414264
base,ISIC_0010192,0.9271048999309869,0.9337277091906722,3,0.0066228092596852806,0.9090909090909091,-0.01801399084007782,0.9275149842611358,0.9259930915371329,0.9337277091906722,0.8989460632362059,0.9063077329110584
base,ISIC_0010204,0.9424344394501347,0.9759845694139223,2,0.03355012996378759,0.9683943162485323,0.02595987679839762,0.9483618494382205,0.9759845694139223,0.9727097220125687,0.96912227578788,0.9689726060142468
base,ISIC_0010227,0.9233741146168706,0.9537280866751937,2,0.03035397205832313,0.9499428571428571,0.02656874252598651,0.9393205664392105,0.9537280866751937,0.9507847021179339,0.9503610794374763,0.9503331314354937
base,ISIC_0010231,0.8852778680532987,0.8944833695739711,1,0.009205501520672454,0.886699027550043,0.001421159496744373,0.8944833695739711,0.893393974582285,0.8912059489169092,0.8817649648605019,0.8880240006486662
base,ISIC_0010335,0.8870039458141697,0.8919866650203729,5,0.00498271920620319,0.8916945166481001,0.004690570833930319,0.8854468858000555,0.8769197490806835,0.8860899653979238,0.884922285671066,0.8919866650203729
base,ISIC_0010342,0.7654666070363745,0.8347636465953855,1,0.06929703955901101,0.8299987638842289,0.0645321568478544,0.8347636465953855,0.8320555526181286,0.8342656112576957,0.8297188471319582,0.8244166444858486
base,ISIC_0010346,0.8647803381229162,0.8580756217724224,1,-0.006704716350493856,0.8343078740873148,-0.030472464035601443,0.8580756217724224,0.8523876278820055,0.8499178000298909,0.8462968515742129,0.839021152047313
base,ISIC_0010357,0.20457858422068276,0.7435310087384407,6,0.5389524245177579,0.7435310087384407,0.5389524245177579,0.20369297010847065,0.2034290754727383,0.7266803840877915,0.734203121002814,0.7429347364847662
base,ISIC_0010374,0.9752503576537911,0.9765559537180653,3,0.0013055960642741615,0.9745847294503458,-0.0006656282034452898,0.9750044698730556,0.9752257880269875,0.9765559537180653,0.9747752247752248,0.976293180278778
base,ISIC_0010467,0.8145684066871375,0.8365706630944407,4,0.022002256407303245,0.8268467707893626,0.012278364102225159,0.8083354772317983,0.8201732042791645,0.8286436394271273,0.8365706630944407,0.8295148247978437
base,ISIC_0010479,0.973606220145741,0.9733910675000873,1,-0.00021515264565374892,0.971022397381987,-0.002583822763754018,0.9733910675000873,0.9702102186696715,0.9707979088556794,0.9715692307692307,0.970856358452712
base,ISIC_0010481,0.9676633578953778,0.9706325755291564,4,0.0029692176337785536,0.968784161302077,0.0011208034066991779,0.969935749787853,0.9698919509530168,0.970356926799758,0.9706325755291564,0.9692998422521538
base,ISIC_0010488,0.8385009119256339,0.9096889182882237,1,0.07118800636258982,0.8938482799835655,0.05534736805793161,0.9096889182882237,0.9025851547764341,0.8993498049414824,0.9009904662981786,0.899479940564636
base,ISIC_0010557,0.9355814402471202,0.9318241298089506,3,-0.0037573104381696254,0.8746323325378766,-0.060949107709243555,0.9300196206671026,0.926758711374096,0.9318241298089506,0.8443494523109805,0.8758394849308986
base,ISIC_0010571,0.9747249155681447,0.9798980059901244,2,0.005173090421979776,0.97649038983603,0.0017654742678853141,0.9762778185375397,0.9798980059901244,0.9766343727102499,0.9776946635227797,0.9774970176770416
base,ISIC_0010597,0.938360814742968,0.9400600367967464,2,0.001699222053778482,0.9349783423370809,-0.0033824724058870714,0.9396207222262588,0.9400600367967464,0.9370795793972656,0.937518205651034,0.9344078691079081
base,ISIC_0011088,0.8564536269724146,0.9246076900685385,4,0.06815406309612393,0.9139012491288264,0.05744762215641186,0.8511633211678832,0.9231461864406779,0.9232030031459011,0.9246076900685385,0.9212204975547523
base,ISIC_0011104,0.9211172673787628,0.9308200544111932,5,0.009702787032430438,0.9225114528214781,0.001394185442715301,0.9241792845963834,0.9163698695362347,0.9013345766070284,0.9281499725357478,0.9308200544111932
base,ISIC_0011115,0.06284551363829657,0.06446386565094796,4,0.0016183520126513834,0.06361945174730563,0.0007739381090090536,0.062461320170870506,0.06263623153305885,0.06260495937788402,0.06446386565094796,0.06316882165264781
base,ISIC_0011143,0.01418740716039652,0.023113015403647994,6,0.008925608243251474,0.023113015403647994,0.008925608243251474,0.0141272054811132,0.007151007987828071,0.020729146206959072,0.022579768768678118,0.022308760490249352
base,ISIC_0011149,0.9145908476104598,0.9093924061397168,2,-0.005198441470742998,0.908291243402758,-0.006299604207701814,0.9065310355605438,0.9093924061397168,0.9088975540588444,0.908913024983694,0.9081854169327034
base,ISIC_0011202,0.4941289031921371,0.33480200626264306,6,-0.15932689692949403,0.33480200626264306,-0.15932689692949403,0.3316464797301034,0.33199994463437926,0.33338403883119216,0.33458875657712545,0.3331127653708299
base,ISIC_0011214,0.9653874751521221,0.9760322556559397,1,0.010644780503817564,0.9721215750860908,0.006734099933968674,0.9760322556559397,0.9678151871139639,0.971424276587749,0.9746127623945936,0.9730166327629532
base,ISIC_0011230,0.9331337325349301,0.9370738636363637,3,0.003940131101433542,0.9344250622997508,0.0012913297648206035,0.9322203196347032,0.9355618776671408,0.9370738636363637,0.9360159249253519,0.9360159249253519
base,ISIC_0011292,0.9259336243331254,0.9324249931186347,2,0.006491368785509266,0.9234190410006949,-0.0025145833324304867,0.925242718446602,0.9324249931186347,0.9275442477876106,0.9247102907501215,0.9288772269023615
base,ISIC_0011295,0.8902386416578952,0.8905330068254051,1,0.0002943651675099135,0.8834103932734706,-0.00682824838442464,0.8905330068254051,0.8819293551457252,0.8842893751232013,0.8840952075081183,0.8844612963227929
base,ISIC_0011296,0.9298566636169564,0.9328768704081241,6,0.0030202067911676567,0.9328768704081241,0.0030202067911676567,0.9255847454414496,0.9292744335088121,0.9291957708309477,0.9275240888144114,0.92909778168073
base,ISIC_0011328,0.9695129585576562,0.9689479957342702,1,-0.0005649628233860282,0.9680767416260418,-0.0014362169316143314,0.9689479957342702,0.9543742405832321,0.953916073322224,0.9687725575118475,0.9677601987858963
base,ISIC_0011330,0.9483956334766788,0.9596239402333585,5,0.01122830675667974,0.959456056408965,0.011060422932286262,0.9538256376062677,0.9592350276799195,0.9584241408214585,0.9581901968998743,0.9596239402333585
base,ISIC_0011344,0.28455839857090315,0.8167988347629066,6,0.5322404361920035,0.8167988347629066,0.5322404361920035,0.28422240298076673,0.28410312901618273,0.28449487189588835,0.28707347777115216,0.2865532657866194
base,ISIC_0011357,0.258390494855463,0.8670465973851827,6,0.6086561025297197,0.8670465973851827,0.6086561025297197,0.8527194948054594,0.8328607980084365,0.8150487821997614,0.8605529332434255,0.8669303479251861
base,ISIC_0011372,0.15087739419658217,0.09461180926149079,4,-0.05626558493509137,0.09451906375221422,-0.05635833044436794,0.09422737325766797,0.09432602203686541,0.0944589577890829,0.09461180926149079,0.0942467632684558
base,ISIC_0011384,0.873939593992408,0.8947010649661735,5,0.020761470973765572,0.8834620924446772,0.009522498452269268,0.8658771871465638,0.8859717868338558,0.8757626727350681,0.8869389352818372,0.8947010649661735
base,ISIC_0012089,0.03931048147414305,0.039525061757909,1,0.00021458028376594718,0.03913909767019787,-0.00017138380394518538,0.039525061757909,0.03914759273875296,0.03920096421726502,0.03915840997907867,0.03907357806837876
base,ISIC_0012094,0.8979926259729619,0.9056143205858421,2,0.007621694612880203,0.9020408163265307,0.004048190353568737,0.9033836119037912,0.9056143205858421,0.8743718592964824,0.892459826946848,0.9006947282386596
base,ISIC_0012143,0.33580361278369614,0.35933143523094396,6,0.023527822447247826,0.35933143523094396,0.023527822447247826,0.32927300573980506,0.32856350526899614,0.34889300748530955,0.3468084194281305,0.3447589813551614
base,ISIC_0012178,0.271070487298828,0.15282559939349907,2,-0.11824488790532892,0.1499248516400936,-0.1211456356587344,0.14827300867326612,0.15282559939349907,0.15043766227708763,0.15078932194673442,0.1505453300763929
base,ISIC_0012216,0.7873193473193473,0.7745869630519675,6,-0.01273238426737977,0.7745869630519675,-0.01273238426737977,0.35830809288485044,0.3560707072040555,0.35708136316075284,0.35780729574437026,0.358371209100816
base,ISIC_0012223,0.8906626969868077,0.9167192819560508,4,0.026056584969243124,0.9165765160841074,0.02591381909729973,0.9050551082323123,0.9159341617072139,0.9164651762576101,0.9167192819560508,0.915273132664437
base,ISIC_0012238,0.8546549129219523,0.8447191498590327,5,-0.009935763062919545,0.18299239106164442,-0.6716625218603078,0.16233429833917415,0.17441270360972416,0.17152885110767646,0.17442698100851342,0.8447191498590327
base,ISIC_0012260,0.5857908847184986,0.6743827160493827,4,0.08859183133088411,0.6294562477493698,0.04366536303087121,0.5776602775941837,0.673084328070851,0.6642599277978339,0.6743827160493827,0.6158182138453409
base,ISIC_0012281,0.042416516282843,0.04358254656800204,4,0.0011660302851590407,0.043034232539389254,0.0006177162565462538,0.040804625161259496,0.04052899674122821,0.04155785170886794,0.04358254656800204,0.04317274151964006
base,ISIC_0012316,0.96217594560136,0.9613588110403397,1,-0.0008171345610202829,0.9604660840615897,-0.0017098615397702632,0.9613588110403397,0.9605704697986577,0.9602676704307821,0.9598997493734336,0.9608006672226855
base,ISIC_0012434,0.851808634772462,0.8589981447124304,4,0.007189509939968364,0.8563458856345886,0.0045372508621265295,0.838801038470616,0.8453414691386998,0.8526119402985075,0.8589981447124304,0.85661166627934
base,ISIC_0012448,0.037192154072540874,0.09242718446601941,2,0.05523503039347854,0.07241585592393186,0.03522370185139099,0.036545061649930086,0.09242718446601941,0.03685070657224341,0.0673913680447713,0.07190645907584568
base,ISIC_0012478,0.8277038553394745,0.8615438270169729,1,0.033839971677498304,0.23811334037310805,-0.5895905149663665,0.8615438270169729,0.8349525467512776,0.8200055263885051,0.49054414665274393,0.23741805062260468
base,ISIC_0012516,0.03170672994257024,0.21252203321821125,6,0.18081530327564102,0.21252203321821125,0.18081530327564102,0.1417491873913372,0.19010329159787864,0.20265708531938628,0.2046950796950797,0.20895651297701132
base,ISIC_0012521,0.9594432967271936,0.9727272727272728,4,0.013283976000079134,0.9667653833497861,0.007322086622592483,0.9610814346451543,0.963433326034596,0.9639028658936776,0.9727272727272728,0.9674091956545594
base,ISIC_0012547,0.0,0.0916221778162188,1,0.0916221778162188,0.09047002002591589,0.09047002002591589,0.0916221778162188,0.0910856448193557,0.09089967599236584,0.09094946265210054,0.09070642946777885
base,ISIC_0012677,0.9341736694677871,0.9523809523809523,2,0.0182072829131652,0.9269972451790633,-0.007176424288723782,0.9262577532736044,0.9523809523809523,0.9281767955801105,0.9294605809128631,0.9257221458046767
base,ISIC_0012682,0.016510177074799924,0.01669374621682755,5,0.00018356914202762725,0.016590153553902167,7.997647910224295e-05,0.01643534854544029,0.01652814358036179,0.01644153684441725,0.016460129733465265,0.01669374621682755
base,ISIC_0012683,0.012756507062272365,0.014276216802547325,3,0.0015197097402749604,0.013164900053240405,0.00040839299096804074,0.012448,0.012574390478018813,0.014276216802547325,0.013349693251533743,0.013240519885119019
base,ISIC_0012725,0.05551152446421351,0.9355581127733027,6,0.8800465883090892,0.9355581127733027,0.8800465883090892,0.05399792315680166,0.05372910013150479,0.9319161160586038,0.49985435479172735,0.9263576912141029
base,ISIC_0012758,0.8665955176093917,0.8744038155802861,2,0.00780829797089444,0.8691601224544123,0.002564604845020635,0.8717131474103585,0.8744038155802861,0.8709634551495017,0.8708133971291866,0.8711134732925857
base,ISIC_0012806,0.5492825027596048,0.5562026940346376,5,0.00692019127503285,0.5528941104977971,0.0036116077381923573,0.5260271026027102,0.5520315358256255,0.5397783494953493,0.5536821161645793,0.5562026940346376
base,ISIC_0012844,0.14900960850772724,0.14856150793650794,4,-0.0004481005712193009,0.14690374003678724,-0.002105868470939992,0.1447165765711352,0.1444330580505154,0.14685871897027275,0.14856150793650794,0.14802687466213607
base,ISIC_0012852,0.5957836846929423,0.6060159968595122,1,0.010232312166569946,0.601207282640444,0.0054235979475016904,0.6060159968595122,0.6002721881986974,0.602380255584821,0.5962439047940906,0.5952094076822979
base,ISIC_0012961,0.9501725625539258,0.9677201664604657,5,0.017547603906539866,0.9495734801857251,-0.0005990823682007207,0.9489840034587116,0.9484469370146679,0.9472437553832903,0.9486183074265976,0.9677201664604657
base,ISIC_0012999,0.857212229124092,0.894484412470024,6,0.037272183345931964,0.894484412470024,0.037272183345931964,0.8620085557139947,0.881093518446299,0.8873222933916576,0.8803383613429652,0.887051399026764
base,ISIC_0013000,0.030849932137485787,0.03050583093022834,6,-0.00034410120725744675,0.03050583093022834,-0.00034410120725744675,0.02670731513679163,0.026765964895529987,0.029459156508336835,0.029753060213684283,0.030306306306306305
base,ISIC_0013034,0.2606118344447973,0.25889218959488947,1,-0.001719644849907831,0.2514233194618193,-0.009188514982978013,0.25889218959488947,0.25555324891011005,0.2528369704749679,0.25108997730807475,0.25119244994260936
base,ISIC_0013071,0.9137803979366249,0.8944759206798867,6,-0.01930447725673823,0.8944759206798867,-0.01930447725673823,0.75040494772493,0.814838503357851,0.7454651843183148,0.734717416378316,0.8856140350877193
base,ISIC_0013079,0.19151764655431194,0.194311902655509,6,0.0027942561011970457,0.194311902655509,0.0027942561011970457,0.19235076233956414,0.19312710813849568,0.19320230146942188,0.19340310357271742,0.19368268883267076
base,ISIC_0013084,0.9685138171525285,0.9817162150562248,5,0.013202397903696261,0.9811536919287391,0.012639874776210647,0.9812689166809434,0.9813511812825353,0.9811363961643051,0.9813664596273292,0.9817162150562248
base,ISIC_0013114,0.17001681163657628,0.4925256160924211,5,0.32250880445584484,0.4898417913028443,0.319824979666268,0.23829811009763796,0.17241978958351448,0.2451577910677838,0.2512323892308141,0.4925256160924211
base,ISIC_0013136,0.0,0.08385310493808379,5,0.08385310493808379,0.08360382223570453,0.08360382223570453,0.08363172907689506,0.08377536286951896,0.08373718192176224,0.08379191876197135,0.08385310493808379
base,ISIC_0013155,0.008184911560038012,0.009374895369471323,5,0.0011899838094333107,0.0090452423640387,0.0008603308040006884,0.0062214016215782295,0.008583427853223384,0.008569767085973127,0.009059729502362002,0.009374895369471323
base,ISIC_0013163,0.9640091116173121,0.9736724676483712,4,0.009663356031059167,0.9722966934763181,0.008287581859006021,0.9670131043831902,0.9723953695458593,0.9723320158102767,0.9736724676483712,0.9726334679228353
base,ISIC_0013197,0.008949990773205388,0.01217875528313603,1,0.0032287645099306414,0.011749019304720864,0.002799028531515476,0.01217875528313603,0.011952504521506644,0.009604144946766499,0.009564109420962388,0.009552839141501429
base,ISIC_0013271,0.888734674994217,0.8958860032176511,6,0.007151328223434117,0.8958860032176511,0.007151328223434117,0.8864163189615206,0.888734674994217,0.8856413825098585,0.8897619597873816,0.8910433979686058
base,ISIC_0013340,0.0967289508211555,0.08979420411591768,1,-0.006934746705237818,0.05818953785858146,-0.038539412962574036,0.08979420411591768,0.06069725187372246,0.059844371046296814,0.062057355160803435,0.061697399936513436
base,ISIC_0013390,0.11183137099263571,0.11166722930824441,1,-0.00016414168439130017,0.11119555685472084,-0.0006358141379148724,0.11166722930824441,0.11154116819141449,0.11152154793315742,0.11143170999633834,0.11120693435458173
base,ISIC_0013488,0.0,0.13883626112129985,5,0.13883626112129985,0.13723052030742033,0.13723052030742033,0.13377144943410005,0.13456340345516513,0.13464054208986814,0.13492811689842094,0.13883626112129985
base,ISIC_0013495,0.931960049937578,0.9545861965939647,2,0.022626146656386736,0.9493115448630656,0.0173514949254876,0.9467256907342391,0.9545861965939647,0.9520949091455173,0.9396551724137931,0.9517365809652684
base,ISIC_0013498,0.9400787286776499,0.9206637282862328,1,-0.01941500039141708,0.9036962534573799,-0.03638247522026994,0.9206637282862328,0.9157706093189965,0.9030477862786905,0.889383265356569,0.8979642812539028
base,ISIC_0013500,0.09435481466018548,0.09385103669207724,4,-0.0005037779681082433,0.09360531337366684,-0.0007495012865186418,0.0937759336099585,0.09372870811979737,0.09377454394570324,0.09385103669207724,0.09373009642587353
base,ISIC_0013517,0.9217101610216546,0.911684037301152,2,-0.0100261237205026,0.8884143085958356,-0.033295852425819006,0.9091903719912473,0.911684037301152,0.8865210442194992,0.8888888888888888,0.8874666666666666
base,ISIC_0013568,0.9163237311385459,0.936,6,0.019676268861454127,0.936,0.019676268861454127,0.9134438305709024,0.9156736938588451,0.9078276980083372,0.9119409866297833,0.9180027485112231
base,ISIC_0013573,0.466429195510451,0.48224584809950666,5,0.01581665258905568,0.48202812988366034,0.015598934373209361,0.47516346581767144,0.4741246797608881,0.4820616121974091,0.4819946522207174,0.48224584809950666
base,ISIC_0013585,0.9165079807409472,0.9424613589967921,2,0.025953378255844872,0.9352193280037759,0.018711347262828748,0.9305763257793627,0.9424613589967921,0.9339934968962459,0.9369337517125558,0.9326265288595375
base,ISIC_0013615,0.36076346216548366,0.22519155298075128,4,-0.1355719091847324,0.2177374448808825,-0.14302601728460115,0.2115477497255763,0.20940239043824702,0.2201876789957955,0.22519155298075128,0.22069996643578554
base,ISIC_0013643,0.9557672677781558,0.9759552042160737,5,0.02018793643791794,0.9744271006310196,0.018659832852863767,0.9589552238805971,0.9684986595174263,0.9580716346969954,0.9580716346969954,0.9759552042160737
base,ISIC_0013652,0.1150863871818796,0.10989145390613056,2,-0.005194933275749047,0.10962477629144296,-0.005461610890436647,0.10976692903739549,0.10989145390613056,0.10914172020473566,0.10971801160859829,0.10966644389088037
base,ISIC_0013663,0.8598718213768864,0.9008585839140646,2,0.040986762537178145,0.8269553598958512,-0.03291646148103522,0.8755535692520213,0.9008585839140646,0.8696736340300697,0.8458940257546971,0.8416856093722679
base,ISIC_0013667,0.9635639331519626,0.9675768757687577,6,0.004012942616795079,0.9675768757687577,0.004012942616795079,0.9642734959190655,0.9648917495611469,0.9664075106351767,0.9666470472827153,0.9668874172185431
base,ISIC_0013675,0.86810551558753,0.8902725563909775,6,0.022167040803447446,0.8902725563909775,0.022167040803447446,0.8749851030866405,0.8749851030866405,0.8788886250296841,0.8822067006037646,0.8857951864086834
base,ISIC_0013680,0.0,0.07651099961404863,5,0.07651099961404863,0.0755960280053082,0.0755960280053082,0.07521056225813795,0.07462843891641194,0.0747319691783404,0.07536840184314977,0.07651099961404863
base,ISIC_0013733,0.9595375722543352,0.9577235772357724,4,-0.0018139950185628306,0.9556509298998569,-0.0038866423544783313,0.9530117987994204,0.9557739557739557,0.9572823433685923,0.9577235772357724,0.9571573604060913
base,ISIC_0013736,0.2148822861799028,0.21038535508227083,5,-0.004496931097631968,0.20936826585006238,-0.005514020329840413,0.20886192314763743,0.2084727339459902,0.20858167848365866,0.2095257012329214,0.21038535508227083
base,ISIC_0013748,0.15996343692870202,0.15919945417329998,6,-0.0007639827554020429,0.15919945417329998,-0.0007639827554020429,0.15904572564612326,0.1589531797732079,0.1589351345981921,0.15869417365676716,0.15885623510722796
base,ISIC_0013762,0.3652355051498669,0.33630518950023086,1,-0.02893031564963605,0.2130608938296053,-0.1521746113202616,0.33630518950023086,0.2805832147937411,0.28174378812676687,0.25759760576792273,0.23118056403369552
base,ISIC_0013765,0.6135396015470116,0.6142820024250822,4,0.0007424008780706481,0.612288912373024,-0.0012506891739876291,0.6122197612230565,0.6113458056729029,0.6118881872454147,0.6142820024250822,0.6128715329885666
base,ISIC_0013799,0.09021655396730292,0.9630969609261939,6,0.872880406958891,0.9630969609261939,0.872880406958891,0.9530936302244936,0.962016201620162,0.9615037050424724,0.9623762376237623,0.9626286333273154
base,ISIC_0013801,0.9155316470184274,0.9351378671309035,1,0.019606220112476147,0.9288499576151455,0.013318310596718175,0.9351378671309035,0.9241598546775659,0.9262931278681095,0.92635395422615,0.917266598103074
base,ISIC_0013840,0.8659787186163886,0.8723952603953861,6,0.00641654177899742,0.8723952603953861,0.00641654177899742,0.869392742101839,0.8709315020807291,0.8711542399848768,0.8713285613151892,0.8720163316582915
base,ISIC_0013879,0.06837401426962073,0.07627389261438804,1,0.007899878344767311,0.07467397129756446,0.0062999570279437395,0.07627389261438804,0.07460067223891252,0.07476858407739204,0.07474852842560167,0.07476412633587218
base,ISIC_0013891,0.019184501438837608,0.022755379668562947,3,0.003570878229725339,0.02259748234571692,0.0034129809068793107,0.01972325324967775,0.020212683381200032,0.022755379668562947,0.02271534829171939,0.02267056830432774
base,ISIC_0013911,0.8917161436245405,0.9198796828001093,3,0.028163539175568797,0.9173304037352376,0.025614260110697007,0.8903372060073675,0.848198464264619,0.9198796828001093,0.9156560088202866,0.9185185185185185
base,ISIC_0013935,0.9623124771313575,0.9635833940276766,1,0.0012709168963190853,0.9584711503123852,-0.0038413268189723127,0.9635833940276766,0.9459459459459459,0.9615806805708014,0.9607914987174789,0.9604105571847508
base,ISIC_0013942,0.08152056527507791,0.0832,4,0.0016794347249220881,0.08288642593254678,0.0013658606574688675,0.08210160971814973,0.08253021035357302,0.08305593288650714,0.0832,0.08303362234923667
base,ISIC_0013958,0.2826581093729108,0.28569527965515407,1,0.0030371702822432622,0.2845815095193114,0.0019234001464005779,0.28569527965515407,0.28498693820973503,0.2841439662762466,0.2849446592879051,0.28470290771175727
base,ISIC_0013998,0.08839261430600466,0.08757747237941256,5,-0.0008151419265921,0.08697720751126244,-0.0014154067947422244,0.08728346985363233,0.08687516706762898,0.08689194207203862,0.08751851353170863,0.08757747237941256
base,ISIC_0014013,0.9701295749033871,0.9387896653372637,5,-0.031339909566123425,0.9386425810934039,-0.03148699380998321,0.9378657487091222,0.9368138992134152,0.9382716049382716,0.9379794565076063,0.9387896653372637
base,ISIC_0014028,0.9724433557868953,0.9708383961117861,4,-0.0016049596751092077,0.9699909063352531,-0.002452449451642247,0.9698630136986301,0.9691096305269533,0.9708206686930091,0.9708383961117861,0.9691096305269533
base,ISIC_0014049,0.9320175438596491,0.9249352890422778,2,-0.007082254817371236,0.9242976624490671,-0.007719881410581997,0.9226139294926913,0.9249352890422778,0.9225171232876712,0.9197360017032148,0.9188270293242669
base,ISIC_0014066,0.9425287356321839,0.8589811201350068,4,-0.08354761549717704,0.8333845366103431,-0.1091441990218408,0.819245511398023,0.7687370209552576,0.8399339933993399,0.8589811201350068,0.7265590150771701
base,ISIC_0014110,0.9570557988954485,0.9616812117564449,1,0.004625412860996492,0.9549284336615572,-0.002127365233891232,0.9616812117564449,0.9556410775774762,0.9570446735395189,0.9526765723590475,0.954441566356849
base,ISIC_0014190,0.6277388019427955,0.6147506339814032,1,-0.01298816796139235,0.1462042178124144,-0.4815345841303811,0.6147506339814032,0.1927045678606638,0.17751300350792307,0.15936600987895566,0.1568711263090404
base,ISIC_0014195,0.9269328802039083,0.9340522604728329,4,0.007119380268924558,0.061848181393659524,-0.8650846988102487,0.9274761707418152,0.9330561330561331,0.9313482216708023,0.9340522604728329,0.9328914664457332
base,ISIC_0014197,0.9710600980139283,0.968348221201012,1,-0.002711876812916292,0.9334852161854291,-0.03757488182849922,0.968348221201012,0.9666341062156187,0.9391131041355256,0.9276047049559526,0.9434377815597157
base,ISIC_0014255,0.491889147224672,0.4631436314363144,6,-0.0287455157883576,0.4631436314363144,-0.0287455157883576,0.45695009377207296,0.453291793459885,0.4569009561345887,0.45463237518910743,0.4554522646563322
base,ISIC_0014288,0.7990551350190583,0.9011880614314691,4,0.10213292641241078,0.8866090712742981,0.08755393625523977,0.8161581980648231,0.8868854908601883,0.8911574690536075,0.9011880614314691,0.8957839198412314
base,ISIC_0014289,0.9681140582476949,0.979568345323741,5,0.011454287076046121,0.9705379669569464,0.0024239087092514655,0.9696008458895057,0.9685938325275261,0.9729851050805958,0.9785504628584331,0.979568345323741
base,ISIC_0014308,0.7775718257645968,0.8029416416258105,2,0.025369815861213674,0.7157954065097929,-0.06177641925480393,0.4658840792369773,0.8029416416258105,0.673342175066313,0.6888692939021909,0.25855048859934854
base,ISIC_0014311,0.40168433128658404,0.4005306748071152,1,-0.0011536564794688564,0.3978093357957078,-0.0038749954908762207,0.4005306748071152,0.3971447611236416,0.39872207752216476,0.39843939878477774,0.39782655833471514
base,ISIC_0014337,0.9189608375339279,0.9335994677312043,3,0.014638630197276403,0.9197846921360116,0.0008238546020836734,0.90490059516272,0.9246084417308202,0.9335994677312043,0.9060489060489061,0.9116616941237514
base,ISIC_0014346,0.015355633301144549,0.03474671849878819,4,0.01939108519764364,0.0343176754988861,0.01896204219774155,0.022505439850792664,0.022455530915124918,0.022559085173010113,0.03474671849878819,0.03426489031922194
base,ISIC_0014489,0.7167457207671685,0.8540850165812481,4,0.13733929581407966,0.4924418952022465,-0.22430382556492195,0.47275031685678076,0.4251005361930295,0.41499684940138626,0.8540850165812481,0.8447928994082841
base,ISIC_0014502,0.8399274821371441,0.90236148955495,1,0.062434007417805915,0.7384842610541863,-0.10144322108295778,0.90236148955495,0.8552603154028948,0.7297938332421091,0.7359705611775529,0.7416334476684898
base,ISIC_0014599,0.9606093361152309,0.9611917876815222,5,0.000582451566291331,0.9607670875272973,0.0001577514120664203,0.9591279288309735,0.9594547009406912,0.9608714203247748,0.9605226787284835,0.9611917876815222
base,ISIC_0014605,0.9476544622425629,0.9551606449335059,1,0.007506182690943053,0.9518294412404273,0.004174978997864454,0.9551606449335059,0.9522302769841082,0.9520298690864407,0.9523584571415075,0.9522684868094754
base,ISIC_0014633,0.9434963974213121,0.9323974879940894,1,-0.011098909427222692,0.9196816208393632,-0.02381477658194886,0.9323974879940894,0.912217843067001,0.9177489177489178,0.9096105752054305,0.9138549892318737
base,ISIC_0014658,0.9656307882280305,0.9604033448106247,1,-0.005227443417405775,0.9537685170112323,-0.01186227121679817,0.9604033448106247,0.9541411668706651,0.9524041387705416,0.9533221709478499,0.952288218111003
base,ISIC_0014696,0.9686540198735321,0.9757352829874514,5,0.007081263113919323,0.9731116274858919,0.004457607612359804,0.9702635864648049,0.9734532025668967,0.9740617433414044,0.9751237754932094,0.9757352829874514
base,ISIC_0014716,0.5720148632909988,0.9335665015058778,6,0.361551638214879,0.9335665015058778,0.361551638214879,0.5762333091234147,0.9205431417167158,0.9242584345988376,0.9203041825095057,0.9178775323162698
base,ISIC_0014740,0.9409217363917904,0.9455579096974562,2,0.004636173305665792,0.9431612615683087,0.0022395251765182644,0.941074682432521,0.9455579096974562,0.9439676665879327,0.944987646533144,0.9448130000131366
base,ISIC_0014765,0.48536249471631737,0.762536778128557,2,0.27717428341223965,0.45806792006073943,-0.02729457465557794,0.48052701918274227,0.762536778128557,0.45703867289815625,0.45926766959977294,0.4607121131718934
base,ISIC_0014773,0.9230448962598016,0.9656261476312891,5,0.042581251371487494,0.9622524526787993,0.03920755641899776,0.9338108781909478,0.9647612741852424,0.933291179260196,0.9630741079597438,0.9656261476312891
base,ISIC_0014779,0.7909734804809752,0.8944033790918691,4,0.10342989861089391,0.8756611785740892,0.08468769809311405,0.7877202733187302,0.7891860046476614,0.7813675879070975,0.8944033790918691,0.8819515137804924
base,ISIC_0014807,0.9716403716257407,0.9754928789482006,2,0.003852507322459897,0.9747455710516396,0.00310519942589893,0.9727040506021165,0.9754928789482006,0.9751502276176024,0.9747793037290687,0.9749465396578538
base,ISIC_0014850,0.9146685472496474,0.9247831230283912,2,0.01011457577874375,0.9037522142895485,-0.010916332960098862,0.9130992306174788,0.9247831230283912,0.8843277471477701,0.920892494929006,0.9065995825081625
base,ISIC_0014860,0.924695561485844,0.9591102387962054,5,0.03441467731036141,0.9581523884721674,0.03345682698632346,0.9187659729828405,0.9243486513792365,0.909402531797817,0.9093861838741693,0.9591102387962054
base,ISIC_0014868,0.9427714155552414,0.9451059663308171,2,0.002334550775575761,0.9385664986243858,-0.004204916930855562,0.9420241658352733,0.9451059663308171,0.9423430273078629,0.9354344774786271,0.9446051238284893
base,ISIC_0014876,0.6442249789232808,0.8889581062139854,6,0.24473312729070462,0.8889581062139854,0.24473312729070462,0.6132800526751961,0.5927706611343454,0.5945434335207951,0.6391828406017178,0.6412322782625257
base,ISIC_0014890,0.9805717276116962,0.9802330147925121,1,-0.0003387128191840727,0.9801792372604173,-0.00039249035127886245,0.9802330147925121,0.9797539222706855,0.9792493332466012,0.979663668361361,0.9795466388744137
base,ISIC_0014897,0.9307538655027003,0.9745953553835327,4,0.04384148988083236,0.974106735059551,0.04335286955685069,0.9672703936109527,0.9663145874964316,0.9735024665257224,0.9745953553835327,0.9739839684995079
base,ISIC_0014913,0.9437790734387169,0.9575154666721477,6,0.013736393233430788,0.9575154666721477,0.013736393233430788,0.9524107310362079,0.953586671890142,0.9566059507129316,0.9548528529770645,0.9574590636056941
base,ISIC_0014915,0.9345039448238093,0.944918302332751,1,0.010414357508941707,0.9416985876039892,0.007194642780179894,0.944918302332751,0.9424379798926045,0.9394806752935128,0.9423573369565217,0.9423249665271257
base,ISIC_0014919,0.9793473953058259,0.980555918047762,6,0.0012085227419360578,0.980555918047762,0.0012085227419360578,0.9792799792799792,0.9802089302243575,0.9778565101860053,0.9783109065155807,0.9786763404707132
base,ISIC_0014932,0.6562565426756927,0.6646438726680075,2,0.00838732999231484,0.6520940163461033,-0.0041625263295893555,0.6521883695290762,0.6646438726680075,0.6408188476131651,0.6525656502038174,0.6566081177722349
base,ISIC_0014940,0.967545700641786,0.9704574526405555,1,0.002911751998769474,0.9686261458869089,0.001080445245122852,0.9704574526405555,0.9694084831579904,0.9668371953054469,0.96709714320118,0.9659138813610358
base,ISIC_0014951,0.9700185386434828,0.9436903276805454,2,-0.02632821096293736,0.9370473401061261,-0.03297119853735664,0.9212827988338192,0.9436903276805454,0.938699857612805,0.9394375023038077,0.9356247324322672
base,ISIC_0014994,0.15219068850210066,0.9586886488535152,3,0.8064979603514146,0.1542286436801205,0.002037955178019829,0.15406885981096194,0.1542483660130719,0.9586886488535152,0.15430756328799056,0.15409729023832844
base,ISIC_0015003,0.7283241082954606,0.784361692488901,6,0.056037584193440404,0.784361692488901,0.056037584193440404,0.7575708149839613,0.7561777728784288,0.7484321337912498,0.7681064094131403,0.7607870721729634
base,ISIC_0015023,0.3518959003777809,0.837543794947446,6,0.4856478945696651,0.837543794947446,0.4856478945696651,0.35407033014302614,0.3520533990992923,0.8293250864107695,0.7989089120422126,0.8348674318823572
base,ISIC_0015035,0.9421094369547978,0.952928870292887,4,0.010819433338089213,0.9490546218487395,0.006945184893941692,0.9443418623054604,0.9349680170575693,0.9498819207557072,0.952928870292887,0.9496062992125984
base,ISIC_0015051,0.8341456543175095,0.9099190615067012,5,0.07577340718919168,0.9072989851678376,0.07315333085032805,0.8447454514147965,0.8382819256269819,0.8478949356422698,0.909013716525147,0.9099190615067012
base,ISIC_0015078,0.9238223960430206,0.9319875682689116,5,0.008165172225890971,0.9264247412395561,0.0026023451965354605,0.9176677072693531,0.9293107245100198,0.7840031862429276,0.9244606579030128,0.9319875682689116
base,ISIC_0015082,0.9105700928905349,0.957477636386544,6,0.04690754349600912,0.957477636386544,0.04690754349600912,0.9132955012247258,0.9266537587852363,0.9527534418022529,0.9456892806157284,0.9552734681084469
base,ISIC_0015108,0.5562478890299437,0.9113939345120625,6,0.3551460454821188,0.9113939345120625,0.3551460454821188,0.569650742673625,0.5684904973763603,0.5610862855300134,0.560744873826089,0.5617812295355062
base,ISIC_0015118,0.9061011025483072,0.9234432372144317,3,0.017342134666124442,0.917862788491938,0.011761685943630806,0.9226962288429179,0.9214787272795789,0.9234432372144317,0.9213222890807926,0.9222055806577474
base,ISIC_0015163,0.5634063085491363,0.5924947074607948,4,0.029088398911658486,0.5886584566836482,0.02525214813451193,0.5463643086024156,0.5366502594119995,0.5416305977883173,0.5924947074607948,0.5561234716376027
base,ISIC_0015207,0.7621261428792809,0.8232521139624642,3,0.061125971083183295,0.7606665218605517,-0.001459621018729207,0.8163470942121329,0.8218984130729751,0.8232521139624642,0.8211682063693515,0.763697146040983
base,ISIC_0015223,0.8790117167600612,0.8827303053630998,5,0.0037185886030386417,0.8826170622193714,0.0036053454593102385,0.8802242609582059,0.8826303045749968,0.8777325876970005,0.8820591625048021,0.8827303053630998
base,ISIC_0015245,0.8946494223914301,0.9298064935768876,2,0.03515707118545752,0.9228111018151395,0.028161679423709396,0.9260367368401966,0.9298064935768876,0.9280167966841029,0.9269512283498804,0.9249033382344932
base,ISIC_0015270,0.8627659574468085,0.8833251833740832,5,0.02055922592727466,0.38005728607232364,-0.48270867137448487,0.3836511413867752,0.3781984234291691,0.37877935233028087,0.37892339385564217,0.8833251833740832
base,ISIC_0015273,0.04025180636958477,0.9578611898016998,6,0.917609383432115,0.9578611898016998,0.917609383432115,0.08198621181504814,0.07569041936583702,0.07451542794624244,0.08520720508594302,0.08555300758511201
base,ISIC_0015311,0.9322938322938323,0.9352381281417886,2,0.002944295847956302,0.9330789907222752,0.0007851584284428448,0.9321625881089693,0.9352381281417886,0.9352351713551458,0.9341087283867283,0.9345167038632549
base,ISIC_0015368,0.9810785003517941,0.9813938899692617,1,0.0003153896174675763,0.980834385587658,-0.00024411476413610522,0.9813938899692617,0.9809209043791782,0.9813505790344412,0.9810767457015389,0.9808437742266236
base,ISIC_0015416,0.9089031081062954,0.911318795430945,6,0.0024156873246495847,0.911318795430945,0.0024156873246495847,0.9010699226743947,0.8988216172287687,0.8973466724662897,0.8954927508636401,0.906102259995081
base,ISIC_0015948,0.8934256896342204,0.8876953125,1,-0.005730377134220421,0.868860633258539,-0.024565056375681404,0.8876953125,0.8868546320029294,0.8852459016393442,0.8818181818181818,0.8844787455592307
base,ISIC_0015960,0.13238623751387346,0.13207937164117403,3,-0.00030686587269943,0.13171572019611597,-0.0006705173177574963,0.13190410191383328,0.13182635348206656,0.13207937164117403,0.13183218143503442,0.13174481621112158
base,ISIC_0015969,0.2759218838086703,0.2724883882789086,2,-0.0034334955297616876,0.2702846950097614,-0.005637188798908899,0.2718490608799116,0.2724883882789086,0.2724433592640963,0.2718803975422601,0.2713242873077955
base,ISIC_0015976,0.7820343461030383,0.824878919194494,6,0.04284457309145562,0.824878919194494,0.04284457309145562,0.7849235635213495,0.8146052969915145,0.81551901336074,0.8203684749232344,0.8245792962774094
base,ISIC_0015985,0.8985234055922086,0.8967681204894885,2,-0.00175528510272005,0.8917316692667707,-0.006791736325437836,0.8940293841825571,0.8967681204894885,0.8908977556109726,0.888681592039801,0.8884053465962076
base,ISIC_0015989,0.05642750373692078,0.05619127360684715,5,-0.00023623013007362942,0.056177336847000464,-0.0002501668899203141,0.05617124168823721,0.05615818508646873,0.056182562321716485,0.05618778876864399,0.05619127360684715
base,ISIC_0015994,0.9778215869886644,0.9776674937965261,3,-0.00015409319213832706,0.9617151607963247,-0.016106426192339707,0.9773622047244095,0.9655172413793104,0.9776674937965261,0.9660071029934043,0.9772727272727273
base,ISIC_0016008,0.7372099684904039,0.7674870826157009,2,0.03027711412529699,0.28927806475998485,-0.447931903730419,0.7619968832285453,0.7674870826157009,0.288907203821923,0.2899030570013609,0.2900765499256933
base,ISIC_0016009,0.8647313156269302,0.8818250950570342,6,0.01709377943010404,0.8818250950570342,0.01709377943010404,0.8599782912079392,0.863678516228748,0.8777285910548008,0.8801218583396802,0.8792682926829268
base,ISIC_0016012,0.9110527850685332,0.9302590378593795,6,0.019206252790846312,0.9302590378593795,0.019206252790846312,0.9207086842869591,0.9278585685771314,0.9159859976662778,0.920892494929006,0.8637484586929717
base,ISIC_0016029,0.7739164388910582,0.7015954501988022,1,-0.072320988692256,0.2550345355470103,-0.5188819033440479,0.7015954501988022,0.2631638333082594,0.2864511903056107,0.260309901597872,0.2583348717002031
base,ISIC_0016030,0.17891816920943135,0.18441744102930666,4,0.0054992718198753066,0.1825352621517063,0.003617092942274941,0.17524134343025607,0.17592780663320082,0.18261498147646155,0.18441744102930666,0.18317497243160774
base,ISIC_0016037,0.9269239821134384,0.9160296080572746,1,-0.01089437405616378,0.9007322508755173,-0.026191731237921068,0.9160296080572746,0.9063983292196697,0.9075970168120339,0.9045837824129842,0.8985137462524718
base,ISIC_0016072,0.7765870862723819,0.7798559249223449,1,0.0032688386499629685,0.27026919480312767,-0.5063178914692543,0.7798559249223449,0.7360791532443627,0.3156427177246956,0.28564819682472925,0.2823999002120494
