path,root,family_or_bridge,dice,kind
work/kvasir_1pct_anchors/route_selector_vitb256/b7_student_audit_lora_p491_e20.json,work/kvasir_1pct_anchors/route_selector_vitb256,P1_b0_b6_per_target.oracle.kvasir-seg::cju13cgqmnhwn0988yrainhcp,0.9872371909488871,lora_or_lora_eval
work/kvasir_1pct_anchors/route_selector_vitb256/b7_student_audit_lora_p491_e20.json,work/kvasir_1pct_anchors/route_selector_vitb256,P2_b3_b6_per_target.oracle.kvasir-seg::cju13cgqmnhwn0988yrainhcp,0.9872371909488871,lora_or_lora_eval
work/kvasir_1pct_anchors/route_selector_vitb256/b7_student_audit_lora_p491_e20.json,work/kvasir_1pct_anchors/route_selector_vitb256,P1_b0_b6_per_target.oracle.kvasir-seg::cju2omjpeqj5a0988pjdlb8l1,0.9864678427804033,lora_or_lora_eval
work/kvasir_1pct_anchors/route_selector_vitb256/b7_student_audit_lora_p491_e20.json,work/kvasir_1pct_anchors/route_selector_vitb256,P2_b3_b6_per_target.oracle.kvasir-seg::cju2omjpeqj5a0988pjdlb8l1,0.9864678427804033,lora_or_lora_eval
work/kvasir_1pct_anchors/route_selector_vitb256/b7_student_audit_lora_p491_e20.json,work/kvasir_1pct_anchors/route_selector_vitb256,P1_b0_b6_per_target.oracle.kvasir-seg::cju2i6acqvo6l0799u20fift8,0.9864047500138727,lora_or_lora_eval
work/kvasir_1pct_anchors/route_selector_vitb256/b7_student_audit_lora_p491_e20.json,work/kvasir_1pct_anchors/route_selector_vitb256,P2_b3_b6_per_target.lin_cal_mean.kvasir-seg::cju2i6acqvo6l0799u20fift8,0.9864047500138727,lora_or_lora_eval
work/kvasir_1pct_anchors/route_selector_vitb256/b7_student_audit_lora_p491_e20.json,work/kvasir_1pct_anchors/route_selector_vitb256,P2_b3_b6_per_target.oracle.kvasir-seg::cju2i6acqvo6l0799u20fift8,0.9864047500138727,lora_or_lora_eval
work/kvasir_1pct_anchors/route_selector_vitb256/b7_student_audit_lora_p491_e20.json,work/kvasir_1pct_anchors/route_selector_vitb256,P1_b0_b6_per_target.oracle.kvasir-seg::cju2qh5le1ock0878oahaql7d,0.9859384331396928,lora_or_lora_eval
work/kvasir_1pct_anchors/route_selector_vitb256/b7_student_audit_lora_p491_e20.json,work/kvasir_1pct_anchors/route_selector_vitb256,P2_b3_b6_per_target.oracle.kvasir-seg::cju2qh5le1ock0878oahaql7d,0.9859384331396928,lora_or_lora_eval
work/kvasir_1pct_anchors/route_selector_vitb256/b7_student_audit_lora_p491_e20.json,work/kvasir_1pct_anchors/route_selector_vitb256,P2_b3_b6_per_target.lin_cal_mean.kvasir-seg::cju13cgqmnhwn0988yrainhcp,0.9858353436011629,lora_or_lora_eval
work/kvasir_1pct_anchors/route_selector_vitb256/b7_student_audit_lora_p491_e20.json,work/kvasir_1pct_anchors/route_selector_vitb256,P1_b0_b6_per_target.lin_cal_X3.kvasir-seg::cju13cgqmnhwn0988yrainhcp,0.9858142848293378,lora_or_lora_eval
work/kvasir_1pct_anchors/route_selector_vitb256/b7_student_audit_lora_p491_e20.json,work/kvasir_1pct_anchors/route_selector_vitb256,P1_b0_b6_per_target.lin_cal_mean.kvasir-seg::cju13cgqmnhwn0988yrainhcp,0.9858142848293378,lora_or_lora_eval
work/kvasir_1pct_anchors/route_selector_vitb256/b7_student_audit_lora_p491_e20.json,work/kvasir_1pct_anchors/route_selector_vitb256,P1_b0_b6_per_target.B7_X3.kvasir-seg::cju13cgqmnhwn0988yrainhcp,0.9857743691241959,lora_or_lora_eval
work/kvasir_1pct_anchors/route_selector_vitb256/b7_student_audit_lora_p491_e20.json,work/kvasir_1pct_anchors/route_selector_vitb256,P1_b0_b6_per_target.B7_mean.kvasir-seg::cju13cgqmnhwn0988yrainhcp,0.9857743691241959,lora_or_lora_eval
work/kvasir_1pct_anchors/route_selector_vitb256/b7_student_audit_lora_p491_e20.json,work/kvasir_1pct_anchors/route_selector_vitb256,P2_b3_b6_per_target.B7_X3.kvasir-seg::cju13cgqmnhwn0988yrainhcp,0.9857743691241959,lora_or_lora_eval
work/kvasir_1pct_anchors/route_selector_vitb256/b7_student_audit_lora_p491_e20.json,work/kvasir_1pct_anchors/route_selector_vitb256,P2_b3_b6_per_target.B7_mean.kvasir-seg::cju13cgqmnhwn0988yrainhcp,0.9857743691241959,lora_or_lora_eval
work/kvasir_1pct_anchors/route_selector_vitb256/b7_student_audit_lora_p491_e20.json,work/kvasir_1pct_anchors/route_selector_vitb256,P2_b3_b6_per_target.lin_cal_X3.kvasir-seg::cju13cgqmnhwn0988yrainhcp,0.9857743691241959,lora_or_lora_eval
work/kvasir_1pct_anchors/route_selector_vitb256/b7_student_audit_lora_p491_e20.json,work/kvasir_1pct_anchors/route_selector_vitb256,P1_b0_b6_per_target.fixed_b6.kvasir-seg::cju2omjpeqj5a0988pjdlb8l1,0.9856307484352502,lora_or_lora_eval
work/kvasir_1pct_anchors/route_selector_vitb256/b7_student_audit_lora_p491_e20.json,work/kvasir_1pct_anchors/route_selector_vitb256,P1_b0_b6_per_target.q_multi_only.kvasir-seg::cju2omjpeqj5a0988pjdlb8l1,0.9856307484352502,lora_or_lora_eval
work/kvasir_1pct_anchors/route_selector_vitb256/b7_student_audit_lora_p491_e20.json,work/kvasir_1pct_anchors/route_selector_vitb256,P2_b3_b6_per_target.fixed_b6.kvasir-seg::cju2omjpeqj5a0988pjdlb8l1,0.9856307484352502,lora_or_lora_eval
work/kvasir_1pct_anchors/route_selector_vitb256/b7_student_audit_lora_p491_e20.json,work/kvasir_1pct_anchors/route_selector_vitb256,P2_b3_b6_per_target.q_multi_only.kvasir-seg::cju2omjpeqj5a0988pjdlb8l1,0.9856307484352502,lora_or_lora_eval
work/kvasir_1pct_anchors/route_selector_vitb256/b7_student_audit_lora_p491_e20.json,work/kvasir_1pct_anchors/route_selector_vitb256,P1_b0_b6_per_target.fixed_b6.kvasir-seg::cju13cgqmnhwn0988yrainhcp,0.9855323358476568,lora_or_lora_eval
work/kvasir_1pct_anchors/route_selector_vitb256/b7_student_audit_lora_p491_e20.json,work/kvasir_1pct_anchors/route_selector_vitb256,P1_b0_b6_per_target.q_multi_only.kvasir-seg::cju13cgqmnhwn0988yrainhcp,0.9855323358476568,lora_or_lora_eval
work/kvasir_1pct_anchors/route_selector_vitb256/b7_student_audit_lora_p491_e20.json,work/kvasir_1pct_anchors/route_selector_vitb256,P2_b3_b6_per_target.fixed_b6.kvasir-seg::cju13cgqmnhwn0988yrainhcp,0.9855323358476568,lora_or_lora_eval
work/kvasir_1pct_anchors/route_selector_vitb256/b7_student_audit_lora_p491_e20.json,work/kvasir_1pct_anchors/route_selector_vitb256,P2_b3_b6_per_target.q_multi_only.kvasir-seg::cju13cgqmnhwn0988yrainhcp,0.9855323358476568,lora_or_lora_eval
work/kvasir_1pct_anchors/route_selector_vitb256/b7_student_audit_lora_p491_e20.json,work/kvasir_1pct_anchors/route_selector_vitb256,P1_b0_b6_per_target.lin_cal_X3.kvasir-seg::cju2i6acqvo6l0799u20fift8,0.9854943589173567,lora_or_lora_eval
work/kvasir_1pct_anchors/route_selector_vitb256/b7_student_audit_lora_p491_e20.json,work/kvasir_1pct_anchors/route_selector_vitb256,P1_b0_b6_per_target.lin_cal_mean.kvasir-seg::cju2i6acqvo6l0799u20fift8,0.9854943589173567,lora_or_lora_eval
work/kvasir_1pct_anchors/route_selector_vitb256/b7_student_audit_lora_p491_e20.json,work/kvasir_1pct_anchors/route_selector_vitb256,P2_b3_b6_per_target.B7_mean.kvasir-seg::cju2i6acqvo6l0799u20fift8,0.9854943589173567,lora_or_lora_eval
work/kvasir_1pct_anchors/route_selector_vitb256/b7_student_audit_lora_p491_e20.json,work/kvasir_1pct_anchors/route_selector_vitb256,P2_b3_b6_per_target.lin_cal_X3.kvasir-seg::cju2i6acqvo6l0799u20fift8,0.9854943589173567,lora_or_lora_eval
work/kvasir_1pct_anchors/route_selector_vitb256/b7_student_audit_lora_p491_e20.json,work/kvasir_1pct_anchors/route_selector_vitb256,P2_b3_b6_per_target.q_multi_only.kvasir-seg::cju2qh5le1ock0878oahaql7d,0.9854347826086957,lora_or_lora_eval
work/kvasir_1pct_anchors/route_selector_vitb256/b7_student_audit_lora_p491_e20.json,work/kvasir_1pct_anchors/route_selector_vitb256,P1_b0_b6_per_target.oracle.kvasir-seg::cju16ach3m1da0993r1dq3sn2,0.9852890472359499,lora_or_lora_eval
work/kvasir_1pct_anchors/route_selector_vitb256/b7_student_audit_lora_p491_e20.json,work/kvasir_1pct_anchors/route_selector_vitb256,P1_b0_b6_per_target.q_multi_only.kvasir-seg::cju2qh5le1ock0878oahaql7d,0.9852077441809876,lora_or_lora_eval
work/kvasir_1pct_anchors/route_selector_vitb256/b7_student_audit_lora_p491_e20.json,work/kvasir_1pct_anchors/route_selector_vitb256,P1_b0_b6_per_target.q_model_mean_only.kvasir-seg::cju16ach3m1da0993r1dq3sn2,0.9851905104241553,lora_or_lora_eval
work/kvasir_1pct_anchors/route_selector_vitb256/b7_student_audit_lora_p491_e20.json,work/kvasir_1pct_anchors/route_selector_vitb256,P2_b3_b6_per_target.oracle.kvasir-seg::cju16ach3m1da0993r1dq3sn2,0.9851905104241553,lora_or_lora_eval
work/kvasir_1pct_anchors/route_selector_vitb256/b7_student_audit_lora_p491_e20.json,work/kvasir_1pct_anchors/route_selector_vitb256,P2_b3_b6_per_target.q_model_mean_only.kvasir-seg::cju16ach3m1da0993r1dq3sn2,0.9851905104241553,lora_or_lora_eval
work/kvasir_1pct_anchors/route_selector_vitb256/b7_student_audit_lora_p491_e20.json,work/kvasir_1pct_anchors/route_selector_vitb256,P1_b0_b6_per_target.q_model_X3_only.kvasir-seg::cju13cgqmnhwn0988yrainhcp,0.9850875030810944,lora_or_lora_eval
work/kvasir_1pct_anchors/route_selector_vitb256/b7_student_audit_lora_p491_e20.json,work/kvasir_1pct_anchors/route_selector_vitb256,P1_b0_b6_per_target.q_model_mean_only.kvasir-seg::cju13cgqmnhwn0988yrainhcp,0.9850875030810944,lora_or_lora_eval
work/kvasir_1pct_anchors/route_selector_vitb256/b7_student_audit_lora_p491_e20.json,work/kvasir_1pct_anchors/route_selector_vitb256,P2_b3_b6_per_target.q_model_X3_only.kvasir-seg::cju13cgqmnhwn0988yrainhcp,0.9850875030810944,lora_or_lora_eval
work/kvasir_1pct_anchors/route_selector_vitb256/b7_student_audit_lora_p491_e20.json,work/kvasir_1pct_anchors/route_selector_vitb256,P2_b3_b6_per_target.q_model_mean_only.kvasir-seg::cju13cgqmnhwn0988yrainhcp,0.9850875030810944,lora_or_lora_eval
work/kvasir_1pct_anchors/route_selector_vitb256/b7_student_audit_lora_p491_e20.json,work/kvasir_1pct_anchors/route_selector_vitb256,P1_b0_b6_per_target.oracle.kvasir-seg::cju2yb31a8e8u0878wdashg7o,0.9850017749378772,lora_or_lora_eval
work/kvasir_1pct_anchors/route_selector_vitb256/b7_student_audit_lora_p491_e20.json,work/kvasir_1pct_anchors/route_selector_vitb256,P1_b0_b6_per_target.q_model_X3_only.kvasir-seg::cju2yb31a8e8u0878wdashg7o,0.9850017749378772,lora_or_lora_eval
work/kvasir_1pct_anchors/route_selector_vitb256/b7_student_audit_lora_p491_e20.json,work/kvasir_1pct_anchors/route_selector_vitb256,P1_b0_b6_per_target.q_model_mean_only.kvasir-seg::cju2yb31a8e8u0878wdashg7o,0.9850017749378772,lora_or_lora_eval
work/kvasir_1pct_anchors/route_selector_vitb256/b7_student_audit_lora_p491_e20.json,work/kvasir_1pct_anchors/route_selector_vitb256,P2_b3_b6_per_target.oracle.kvasir-seg::cju2yb31a8e8u0878wdashg7o,0.9850017749378772,lora_or_lora_eval
work/kvasir_1pct_anchors/route_selector_vitb256/b7_student_audit_lora_p491_e20.json,work/kvasir_1pct_anchors/route_selector_vitb256,P2_b3_b6_per_target.q_model_X3_only.kvasir-seg::cju2yb31a8e8u0878wdashg7o,0.9850017749378772,lora_or_lora_eval
work/kvasir_1pct_anchors/route_selector_vitb256/b7_student_audit_lora_p491_e20.json,work/kvasir_1pct_anchors/route_selector_vitb256,P2_b3_b6_per_target.q_model_mean_only.kvasir-seg::cju2yb31a8e8u0878wdashg7o,0.9850017749378772,lora_or_lora_eval
work/kvasir_1pct_anchors/route_selector_vitb256/b7_student_audit_lora_p491_e20.json,work/kvasir_1pct_anchors/route_selector_vitb256,P1_b0_b6_per_target.oracle.kvasir-seg::cju2p0eveqtdc0835gpi3p93i,0.984989970256623,lora_or_lora_eval
work/kvasir_1pct_anchors/route_selector_vitb256/b7_student_audit_lora_p491_e20.json,work/kvasir_1pct_anchors/route_selector_vitb256,P1_b0_b6_per_target.fixed_b6.kvasir-seg::cju2qh5le1ock0878oahaql7d,0.9849804092294296,lora_or_lora_eval
work/kvasir_1pct_anchors/route_selector_vitb256/b7_student_audit_lora_p491_e20.json,work/kvasir_1pct_anchors/route_selector_vitb256,P2_b3_b6_per_target.fixed_b6.kvasir-seg::cju2qh5le1ock0878oahaql7d,0.9849804092294296,lora_or_lora_eval
work/kvasir_1pct_anchors/route_selector_vitb256/b7_student_audit_lora_p491_e20.json,work/kvasir_1pct_anchors/route_selector_vitb256,P2_b3_b6_per_target.oracle.kvasir-seg::cju2p0eveqtdc0835gpi3p93i,0.9848537243239505,lora_or_lora_eval
work/kvasir_1pct_anchors/route_selector_vitb256/b7_student_audit_lora_p491_e20.json,work/kvasir_1pct_anchors/route_selector_vitb256,P1_b0_b6_per_target.fixed_b6.kvasir-seg::cju16ach3m1da0993r1dq3sn2,0.9845985862881443,lora_or_lora_eval
work/kvasir_1pct_anchors/route_selector_vitb256/b7_student_audit_lora_p491_e20.json,work/kvasir_1pct_anchors/route_selector_vitb256,P2_b3_b6_per_target.fixed_b6.kvasir-seg::cju16ach3m1da0993r1dq3sn2,0.9845985862881443,lora_or_lora_eval
work/kvasir_1pct_anchors/route_selector_vitb256/b7_student_audit_lora_p491_e20.json,work/kvasir_1pct_anchors/route_selector_vitb256,P1_b0_b6_per_target.B7_X3.kvasir-seg::cju2omjpeqj5a0988pjdlb8l1,0.9845773487167412,lora_or_lora_eval
work/kvasir_1pct_anchors/route_selector_vitb256/b7_student_audit_lora_p491_e20.json,work/kvasir_1pct_anchors/route_selector_vitb256,P1_b0_b6_per_target.B7_mean.kvasir-seg::cju2omjpeqj5a0988pjdlb8l1,0.9845773487167412,lora_or_lora_eval
work/kvasir_1pct_anchors/route_selector_vitb256/b7_student_audit_lora_p491_e20.json,work/kvasir_1pct_anchors/route_selector_vitb256,P1_b0_b6_per_target.q_model_X3_only.kvasir-seg::cju2omjpeqj5a0988pjdlb8l1,0.9845773487167412,lora_or_lora_eval
work/kvasir_1pct_anchors/route_selector_vitb256/b7_student_audit_lora_p491_e20.json,work/kvasir_1pct_anchors/route_selector_vitb256,P1_b0_b6_per_target.q_multi_only.kvasir-seg::cju2p0eveqtdc0835gpi3p93i,0.9845282497582539,lora_or_lora_eval
work/kvasir_1pct_anchors/route_selector_vitb256/b7_student_audit_lora_p491_e20.json,work/kvasir_1pct_anchors/route_selector_vitb256,P2_b3_b6_per_target.q_multi_only.kvasir-seg::cju2p0eveqtdc0835gpi3p93i,0.9845282497582539,lora_or_lora_eval
work/kvasir_1pct_anchors/route_selector_vitb256/b7_student_audit_lora_p491_e20.json,work/kvasir_1pct_anchors/route_selector_vitb256,P2_b3_b6_per_target.q_multi_only.kvasir-seg::cju16ach3m1da0993r1dq3sn2,0.9845065969128173,lora_or_lora_eval
work/kvasir_1pct_anchors/route_selector_vitb256/b7_student_audit_lora_p491_e20.json,work/kvasir_1pct_anchors/route_selector_vitb256,P1_b0_b6_per_target.q_model_mean_only.kvasir-seg::cju2omjpeqj5a0988pjdlb8l1,0.9845041018553912,lora_or_lora_eval
work/kvasir_1pct_anchors/route_selector_vitb256/b7_student_audit_lora_p491_e20.json,work/kvasir_1pct_anchors/route_selector_vitb256,P2_b3_b6_per_target.q_model_mean_only.kvasir-seg::cju2omjpeqj5a0988pjdlb8l1,0.9845041018553912,lora_or_lora_eval
work/kvasir_1pct_anchors/route_selector_vitb256/b7_student_audit_lora_p491_e20.json,work/kvasir_1pct_anchors/route_selector_vitb256,P1_b0_b6_per_target.lin_cal_X3.kvasir-seg::cju2p0eveqtdc0835gpi3p93i,0.9844495127513996,lora_or_lora_eval
work/kvasir_1pct_anchors/route_selector_vitb256/b7_student_audit_lora_p491_e20.json,work/kvasir_1pct_anchors/route_selector_vitb256,P1_b0_b6_per_target.lin_cal_mean.kvasir-seg::cju2p0eveqtdc0835gpi3p93i,0.9844495127513996,lora_or_lora_eval
work/kvasir_1pct_anchors/route_selector_vitb256/b7_student_audit_lora_p491_e20.json,work/kvasir_1pct_anchors/route_selector_vitb256,P2_b3_b6_per_target.lin_cal_mean.kvasir-seg::cju2p0eveqtdc0835gpi3p93i,0.9844495127513996,lora_or_lora_eval
work/kvasir_1pct_anchors/route_selector_vitb256/b7_student_audit_lora_p491_e20.json,work/kvasir_1pct_anchors/route_selector_vitb256,P1_b0_b6_per_target.oracle.kvasir-seg::cju5u6wf0kh1t0755bg1ssixv,0.984349099880498,lora_or_lora_eval
work/kvasir_1pct_anchors/route_selector_vitb256/b7_student_audit_lora_p491_e20.json,work/kvasir_1pct_anchors/route_selector_vitb256,P2_b3_b6_per_target.oracle.kvasir-seg::cju5u6wf0kh1t0755bg1ssixv,0.984349099880498,lora_or_lora_eval
work/kvasir_1pct_anchors/route_selector_vitb256/b7_student_audit_lora_p491_e20.json,work/kvasir_1pct_anchors/route_selector_vitb256,P1_b0_b6_per_target.B7_X3.kvasir-seg::cju2i6acqvo6l0799u20fift8,0.9843427870953363,lora_or_lora_eval
work/kvasir_1pct_anchors/route_selector_vitb256/b7_student_audit_lora_p491_e20.json,work/kvasir_1pct_anchors/route_selector_vitb256,P1_b0_b6_per_target.B7_mean.kvasir-seg::cju2i6acqvo6l0799u20fift8,0.9843427870953363,lora_or_lora_eval
work/kvasir_1pct_anchors/route_selector_vitb256/b7_student_audit_base.json,work/kvasir_1pct_anchors/route_selector_vitb256,P1_b0_b6_per_target.oracle.kvasir-seg::cju8djdqztu6408506pzhlo18,0.9841487447519492,artifact
work/kvasir_1pct_anchors/route_selector_vitb256/b7_student_audit_base.json,work/kvasir_1pct_anchors/route_selector_vitb256,P1_b0_b6_per_target.q_multi_only.kvasir-seg::cju8djdqztu6408506pzhlo18,0.9841487447519492,artifact
work/kvasir_1pct_anchors/route_selector_vitb256/b7_student_audit_base.json,work/kvasir_1pct_anchors/route_selector_vitb256,P2_b3_b6_per_target.oracle.kvasir-seg::cju8djdqztu6408506pzhlo18,0.9841487447519492,artifact
work/kvasir_1pct_anchors/route_selector_vitb256/b7_student_audit_lora_p491_e20.json,work/kvasir_1pct_anchors/route_selector_vitb256,P1_b0_b6_per_target.oracle.kvasir-seg::cju1fb9236a110801yvg0fwju,0.9840148968586008,lora_or_lora_eval
work/kvasir_1pct_anchors/route_selector_vitb256/b7_student_audit_lora_p491_e20.json,work/kvasir_1pct_anchors/route_selector_vitb256,P1_b0_b6_per_target.oracle.kvasir-seg::cju7ezs7g2mxm098787atbran,0.9839987069662195,lora_or_lora_eval
work/kvasir_1pct_anchors/route_selector_vitb256/b7_student_audit_lora_p491_e20.json,work/kvasir_1pct_anchors/route_selector_vitb256,P2_b3_b6_per_target.oracle.kvasir-seg::cju7ezs7g2mxm098787atbran,0.9839987069662195,lora_or_lora_eval
work/kvasir_1pct_anchors/route_selector_vitb256/b7_student_audit_base.json,work/kvasir_1pct_anchors/route_selector_vitb256,P1_b0_b6_per_target.oracle.kvasir-seg::cju2p4ddkmzxj0993p94o62av,0.9838592673195502,artifact
work/kvasir_1pct_anchors/route_selector_vitb256/b7_student_audit_base.json,work/kvasir_1pct_anchors/route_selector_vitb256,P1_b0_b6_per_target.q_model_mean_only.kvasir-seg::cju2p4ddkmzxj0993p94o62av,0.9838592673195502,artifact
work/kvasir_1pct_anchors/route_selector_vitb256/b7_student_audit_base.json,work/kvasir_1pct_anchors/route_selector_vitb256,P1_b0_b6_per_target.lin_cal_X3.kvasir-seg::cju2omjpeqj5a0988pjdlb8l1,0.983841059602649,artifact
work/kvasir_1pct_anchors/route_selector_vitb256/b7_student_audit_base.json,work/kvasir_1pct_anchors/route_selector_vitb256,P1_b0_b6_per_target.oracle.kvasir-seg::cju2omjpeqj5a0988pjdlb8l1,0.983841059602649,artifact
work/kvasir_1pct_anchors/route_selector_vitb256/b7_student_audit_base.json,work/kvasir_1pct_anchors/route_selector_vitb256,P1_b0_b6_per_target.q_model_X3_only.kvasir-seg::cju2omjpeqj5a0988pjdlb8l1,0.983841059602649,artifact
work/kvasir_1pct_anchors/route_selector_vitb256/b7_student_audit_base.json,work/kvasir_1pct_anchors/route_selector_vitb256,P1_b0_b6_per_target.q_model_mean_only.kvasir-seg::cju2omjpeqj5a0988pjdlb8l1,0.983841059602649,artifact
work/kvasir_1pct_anchors/route_selector_vitb256/b7_student_audit_base.json,work/kvasir_1pct_anchors/route_selector_vitb256,P2_b3_b6_per_target.lin_cal_X3.kvasir-seg::cju2omjpeqj5a0988pjdlb8l1,0.983841059602649,artifact
work/kvasir_1pct_anchors/route_selector_vitb256/b7_student_audit_base.json,work/kvasir_1pct_anchors/route_selector_vitb256,P2_b3_b6_per_target.oracle.kvasir-seg::cju2omjpeqj5a0988pjdlb8l1,0.983841059602649,artifact
