scope,command,status,log_or_output,notes
main pipeline,cd /Data_8TB/lht/PseudoVideo-SAM3-X3-B7 && DEVICE=0 bash scripts/run_isic18_round1_round2a_from_pvf.sh,superseded/restarted in parts,work/isic18_round1_round2a_from_pseudovideo_full/pipeline.log,Main Round1+Round2A entry; later clean Round2A used epoch27 separately.
Round2A clean epoch27,cd /Data_8TB/lht/PseudoVideo-SAM3-X3-B7 && CUDA_VISIBLE_DEVICES=1 bash paper_isic2018_experiment_package/scripts_snapshot/run_round2a_epoch27_gpu1.sh,complete,work/isic18_round1_round2a_from_pseudovideo_full/pipeline_round2a_epoch27_gpu1.log,Helper script snapshot records the clean rerun logic; original dirty Round2A was moved aside.
epoch27 long-chain test,cd /Data_8TB/lht/PseudoVideo-SAM3-X3-B7 && CUDA_VISIBLE_DEVICES=1 bash paper_isic2018_experiment_package/scripts_snapshot/run_epoch27_sam3_longchain_test_gpu1.sh,complete; b7 abnormal,work/isic18_round1_round2a_from_pseudovideo_full/pipeline_epoch27_longchain_test_gpu1.log,Evaluated b0-b7 chain using epoch27 LoRA teacher.
SAM3 epoch27 direct test,CUDA_VISIBLE_DEVICES=1 /home/violet/anaconda3/envs/sam3/bin/python scripts/eval_sam3_lora_direct_split.py --config work/isic18_round1_round2a_from_pseudovideo_full/isic_records/isic18_sam3_ep27_merged_direct_config.yaml --split test --output work/isic18_round1_round2a_from_pseudovideo_full/round1_sam3knn_s256_base/medsam3_lora_b0_b6_e50/direct_test_epoch27_category_merged.json --prompt-mode category,complete,work/isic18_round1_round2a_from_pseudovideo_full/round1_sam3knn_s256_base/medsam3_lora_b0_b6_e50/direct_test_epoch27_category_merged.json,Text/category-only; no image prompt; metric resolution 1008.
SAM3 epoch27 direct validation,CUDA_VISIBLE_DEVICES=1 /home/violet/anaconda3/envs/sam3/bin/python scripts/eval_sam3_lora_direct_split.py --config work/isic18_round1_round2a_from_pseudovideo_full/isic_records/isic18_sam3_ep27_merged_direct_config.yaml --split valid --output work/isic18_round1_round2a_from_pseudovideo_full/round1_sam3knn_s256_base/medsam3_lora_b0_b6_e50/direct_valid_epoch27_category_merged.json --prompt-mode category,complete,work/isic18_round1_round2a_from_pseudovideo_full/round1_sam3knn_s256_base/medsam3_lora_b0_b6_e50/direct_valid_epoch27_category_merged.json,Independent validation re-eval close to training val.
SAM3 epoch50 direct test 1008,CUDA_VISIBLE_DEVICES=1 /home/violet/anaconda3/envs/sam3/bin/python scripts/eval_sam3_lora_direct_split.py --config work/isic18_round1_round2a_from_pseudovideo_full/isic_records/isic18_sam3_epoch50_merged_direct_config.yaml --split test --output work/isic18_round1_round2a_from_pseudovideo_full/round1_sam3knn_s256_base/medsam3_lora_b0_b6_e50/direct_test_epoch50_category_merged.json --prompt-mode category,complete,work/isic18_round1_round2a_from_pseudovideo_full/round1_sam3knn_s256_base/medsam3_lora_b0_b6_e50/direct_test_epoch50_category_merged.json,Text/category-only; no image prompt; metric resolution 1008.
SAM3 epoch50 direct test 256,CUDA_VISIBLE_DEVICES=1 /home/violet/anaconda3/envs/sam3/bin/python scripts/eval_sam3_lora_direct_split.py --config work/isic18_round1_round2a_from_pseudovideo_full/isic_records/isic18_sam3_epoch50_merged_direct_config.yaml --split test --output work/isic18_round1_round2a_from_pseudovideo_full/round1_sam3knn_s256_base/medsam3_lora_b0_b6_e50/direct_test_epoch50_category_merged_s256.json --prompt-mode category --effective-resolution 256,complete,work/isic18_round1_round2a_from_pseudovideo_full/round1_sam3knn_s256_base/medsam3_lora_b0_b6_e50/direct_test_epoch50_category_merged_s256.json,Fair comparison to 256-resolution student masks.
SCSAM test rerun,see work/isic18_1pct_protocol/logs/scsam_test_best_rerun_20260903_160852.log,complete,work/isic18_1pct_protocol/logs/scsam_test_best_rerun_20260903_160852.log,SCSAM-SAM Dice 0.852200; SCSAM-UNet Dice 0.830954.
SynFoC baseline,see work/isic18_1pct_protocol/logs/synfoc_launch.log and work/isic18_1pct_protocol/synfoc/train.py,complete,work/isic18_1pct_protocol/synfoc/summary.json,SynFoC-SAM Dice 0.873360; SynFoC-UNet Dice 0.841385.
