target_id,config,selected_dice,fixed_b6_dice,delta,family,bridge,route_id,switched
kvasir-seg::cju0s2a9ekvms080138tjjpxr,internal_plus_consensus,0.9858422206532644,0.9752458460495083,0.010596374603756176,dino_patch_average,6,dab98a58c48d15adfc92cb3b,True
kvasir-seg::cju0s2a9ekvms080138tjjpxr,internal_plus_consensus_fallback,0.9858422206532644,0.9752458460495083,0.010596374603756176,dino_patch_average,6,dab98a58c48d15adfc92cb3b,True
kvasir-seg::cju1cj3f0qi5n0993ut8f49rj,internal_plus_consensus,0.9621229912436676,0.9512476267968538,0.010875364446813807,t18_corrected,6,fafd48e62841eb6a158c35f5,True
kvasir-seg::cju1cj3f0qi5n0993ut8f49rj,internal_plus_consensus_fallback,0.9621229912436676,0.9512476267968538,0.010875364446813807,t18_corrected,6,fafd48e62841eb6a158c35f5,True
kvasir-seg::cju1csmlc4ht10799b8ymmghg,internal_plus_consensus,0.9385969831211798,0.948111864213704,-0.009514881092524186,t18_corrected,6,3e8322f5028c38fd4357d3e4,True
kvasir-seg::cju1csmlc4ht10799b8ymmghg,internal_plus_consensus_fallback,0.9385969831211798,0.948111864213704,-0.009514881092524186,t18_corrected,6,3e8322f5028c38fd4357d3e4,True
kvasir-seg::cju1cu1u2474n0878tt7v4tdr,internal_plus_consensus,0.9143062029401219,0.9096705632306057,0.004635639709516193,anchor_conditioned_patch_correspondence__knn_cond,6,702d19ea6ec8bccfa0247c46,True
kvasir-seg::cju1cu1u2474n0878tt7v4tdr,internal_plus_consensus_fallback,0.9143062029401219,0.9096705632306057,0.004635639709516193,anchor_conditioned_patch_correspondence__knn_cond,6,702d19ea6ec8bccfa0247c46,True
kvasir-seg::cju1d96gsv62d09881b3wecw2,internal_plus_consensus,0.86996336996337,0.9083226884150536,-0.03835931845168361,t18_corrected,6,4278bea1a296817af25d711e,True
kvasir-seg::cju1d96gsv62d09881b3wecw2,internal_plus_consensus_fallback,0.86996336996337,0.9083226884150536,-0.03835931845168361,t18_corrected,6,4278bea1a296817af25d711e,True
kvasir-seg::cju1djtprvd7b0988thwwrg09,internal_plus_consensus,0.9504601033656876,0.9466013318256062,0.003858771540081407,anchor_conditioned_patch_correspondence__knn_cond,6,7fa89bc8617b341c056d0ad4,True
kvasir-seg::cju1djtprvd7b0988thwwrg09,internal_plus_consensus_fallback,0.9504601033656876,0.9466013318256062,0.003858771540081407,anchor_conditioned_patch_correspondence__knn_cond,6,7fa89bc8617b341c056d0ad4,True
kvasir-seg::cju1euuc65wm00799m4sjdnnn,internal_plus_consensus,0.9723176399272581,0.9704522613065326,0.0018653786207254441,dino_global_pooling,3,8c28489f96dc2b582feec302,True
kvasir-seg::cju1euuc65wm00799m4sjdnnn,internal_plus_consensus_fallback,0.9723176399272581,0.9704522613065326,0.0018653786207254441,dino_global_pooling,3,8c28489f96dc2b582feec302,True
kvasir-seg::cju1ewnoh5z030855vpex9uzt,internal_plus_consensus,0.9752935793808144,0.9740885118092181,0.00120506757159633,dino_global_pooling,5,6e494e70ac76c309258112d0,True
kvasir-seg::cju1ewnoh5z030855vpex9uzt,internal_plus_consensus_fallback,0.9740885118092181,0.9740885118092181,0.0,anchor_conditioned_target_pooling__knn_cls,6,b8b5153adc413ddad24df227,False
kvasir-seg::cju1fmsyf6gxb0801cimx2gle,internal_plus_consensus,0.9781992374621175,0.9779908050474421,0.00020843241467538576,anchor_conditioned_patch_correspondence__knn_cond,5,bd6688867eab97d52ddee863,True
kvasir-seg::cju1fmsyf6gxb0801cimx2gle,internal_plus_consensus_fallback,0.9781992374621175,0.9779908050474421,0.00020843241467538576,anchor_conditioned_patch_correspondence__knn_cond,5,bd6688867eab97d52ddee863,True
kvasir-seg::cju1fyb1d69et0878muzdak9u,internal_plus_consensus,0.8054846938775511,0.8085488736281369,-0.003064179750585816,anchor_conditioned_patch_correspondence__knn_cond,6,09768dd0036057ce6cc582d1,True
kvasir-seg::cju1fyb1d69et0878muzdak9u,internal_plus_consensus_fallback,0.8054846938775511,0.8085488736281369,-0.003064179750585816,anchor_conditioned_patch_correspondence__knn_cond,6,09768dd0036057ce6cc582d1,True
kvasir-seg::cju2htabevq9108015qjei0x7,internal_plus_consensus,0.9741066198008201,0.9723049985689513,0.0018016212318688885,anchor_conditioned_patch_correspondence__knn_cond,6,d0fcc92b85eeeaedd992aae3,True
kvasir-seg::cju2htabevq9108015qjei0x7,internal_plus_consensus_fallback,0.9741066198008201,0.9723049985689513,0.0018016212318688885,anchor_conditioned_patch_correspondence__knn_cond,6,d0fcc92b85eeeaedd992aae3,True
kvasir-seg::cju2nyc5f02m40801ojqbtiea,internal_plus_consensus,0.9925273342248092,0.9911644051751342,0.0013629290496750546,dino_patch_average,5,2e78dc97b8e15a4023a79bec,True
kvasir-seg::cju2nyc5f02m40801ojqbtiea,internal_plus_consensus_fallback,0.9925273342248092,0.9911644051751342,0.0013629290496750546,dino_patch_average,5,2e78dc97b8e15a4023a79bec,True
kvasir-seg::cju2pag1f0s4r0878h52uq83s,internal_plus_consensus,0.8062350119904077,0.75556525534701,0.05066975664339768,dino_patch_average,4,95d81affef92e7e41a0f410d,True
kvasir-seg::cju2pag1f0s4r0878h52uq83s,internal_plus_consensus_fallback,0.8062350119904077,0.75556525534701,0.05066975664339768,dino_patch_average,4,95d81affef92e7e41a0f410d,True
kvasir-seg::cju2qfie4rvz508357kad9z5o,internal_plus_consensus,0.5560624030654138,0.0,0.5560624030654138,dino_global_pooling,5,8d1e1c139206423073fbfcaa,True
kvasir-seg::cju2qfie4rvz508357kad9z5o,internal_plus_consensus_fallback,0.5560624030654138,0.0,0.5560624030654138,dino_global_pooling,5,8d1e1c139206423073fbfcaa,True
kvasir-seg::cju2t2ivz43i10878zeg8r1br,internal_plus_consensus,0.9512846865364851,0.9486392469817884,0.00264543955469676,dino_patch_average,5,1fdb3470689169c514921a41,True
kvasir-seg::cju2t2ivz43i10878zeg8r1br,internal_plus_consensus_fallback,0.9512846865364851,0.9486392469817884,0.00264543955469676,dino_patch_average,5,1fdb3470689169c514921a41,True
kvasir-seg::cju2tzypl4wss0799ow05oxb9,internal_plus_consensus,0.9909914935155487,0.9918124094909212,-0.0008209159753724826,dino_patch_average,6,a053b732239723d3564bf9ea,True
kvasir-seg::cju2tzypl4wss0799ow05oxb9,internal_plus_consensus_fallback,0.9909914935155487,0.9918124094909212,-0.0008209159753724826,dino_patch_average,6,a053b732239723d3564bf9ea,True
kvasir-seg::cju2uzabhs6er0993x3aaf87p,internal_plus_consensus,0.5199468085106383,0.5139229226999331,0.006023885810705232,anchor_conditioned_patch_correspondence__knn_cond,6,b25ef79bd710b0e5c0013bf8,True
kvasir-seg::cju2uzabhs6er0993x3aaf87p,internal_plus_consensus_fallback,0.5199468085106383,0.5139229226999331,0.006023885810705232,anchor_conditioned_patch_correspondence__knn_cond,6,b25ef79bd710b0e5c0013bf8,True
kvasir-seg::cju2wve9v7esz0878mxsdcy04,internal_plus_consensus,0.9709531866892273,0.9712619741774261,-0.00030878748819884727,t18_corrected,5,21d61071ce8499108cbc8884,True
kvasir-seg::cju2wve9v7esz0878mxsdcy04,internal_plus_consensus_fallback,0.9709531866892273,0.9712619741774261,-0.00030878748819884727,t18_corrected,5,21d61071ce8499108cbc8884,True
kvasir-seg::cju2y26c588bo07993ksd8eoz,internal_plus_consensus,0.9803017602682313,0.977913336137989,0.002388424130242317,dino_global_pooling,4,38ebf531746d0ec67ed69299,True
kvasir-seg::cju2y26c588bo07993ksd8eoz,internal_plus_consensus_fallback,0.9803017602682313,0.977913336137989,0.002388424130242317,dino_global_pooling,4,38ebf531746d0ec67ed69299,True
kvasir-seg::cju2yi9tz8vky0801yqip0xyl,internal_plus_consensus,0.9732230228627347,0.9699657687155827,0.0032572541471519445,dino_patch_average,5,6a00ad392bc52d0503849104,True
kvasir-seg::cju2yi9tz8vky0801yqip0xyl,internal_plus_consensus_fallback,0.9732230228627347,0.9699657687155827,0.0032572541471519445,dino_patch_average,5,6a00ad392bc52d0503849104,True
kvasir-seg::cju2zo0fwzv580988qlijd2xa,internal_plus_consensus,0.7965848452508004,0.794888178913738,0.0016966663370624468,dino_global_pooling,4,c94102b67da06fdda906b3fd,True
kvasir-seg::cju2zo0fwzv580988qlijd2xa,internal_plus_consensus_fallback,0.7965848452508004,0.794888178913738,0.0016966663370624468,dino_global_pooling,4,c94102b67da06fdda906b3fd,True
kvasir-seg::cju2zpw4q9vzr0801p0lysjdl,internal_plus_consensus,0.9605199807414541,0.9659961685823755,-0.005476187840921409,dino_global_pooling,6,2691e930eefc4d5e70c2ef6c,True
kvasir-seg::cju2zpw4q9vzr0801p0lysjdl,internal_plus_consensus_fallback,0.9605199807414541,0.9659961685823755,-0.005476187840921409,dino_global_pooling,6,2691e930eefc4d5e70c2ef6c,True
kvasir-seg::cju303j5r062k098835zxfds5,internal_plus_consensus,0.9858660508083141,0.9853730790594334,0.0004929717488807439,dino_patch_average,5,c6eb4d2a235350155ca201d0,True
kvasir-seg::cju303j5r062k098835zxfds5,internal_plus_consensus_fallback,0.9858660508083141,0.9853730790594334,0.0004929717488807439,dino_patch_average,5,c6eb4d2a235350155ca201d0,True
kvasir-seg::cju30mm25a53s0799qa5wiqe8,internal_plus_consensus,0.8937169700528479,0.8871015787905868,0.006615391262261072,dino_global_pooling,6,37f897ed79ce75ef80f6a4c3,True
kvasir-seg::cju30mm25a53s0799qa5wiqe8,internal_plus_consensus_fallback,0.8937169700528479,0.8871015787905868,0.006615391262261072,dino_global_pooling,6,37f897ed79ce75ef80f6a4c3,True
kvasir-seg::cju3128yi0rpu0988o4oo5n8n,internal_plus_consensus,0.9809772472957852,0.9803848309359238,0.000592416359861403,anchor_conditioned_patch_correspondence__knn_pooled,6,2ad2b1b6521a13ea041e909b,True
kvasir-seg::cju3128yi0rpu0988o4oo5n8n,internal_plus_consensus_fallback,0.9809772472957852,0.9803848309359238,0.000592416359861403,anchor_conditioned_patch_correspondence__knn_pooled,6,2ad2b1b6521a13ea041e909b,True
kvasir-seg::cju32qr9tbvsj08013pkpjenq,internal_plus_consensus,0.37936213446417527,0.47848440818151333,-0.09912227371733806,anchor_conditioned_target_pooling__knn_pooled,5,5187e0ad0d00d91620653593,True
kvasir-seg::cju32qr9tbvsj08013pkpjenq,internal_plus_consensus_fallback,0.37936213446417527,0.47848440818151333,-0.09912227371733806,anchor_conditioned_target_pooling__knn_pooled,5,5187e0ad0d00d91620653593,True
kvasir-seg::cju32srle1xfq083575i3fl75,internal_plus_consensus,0.9602279767067278,0.9617567234147545,-0.001528746708026718,t18_corrected,6,4a511461d5d36c0e3b9a7e04,True
kvasir-seg::cju32srle1xfq083575i3fl75,internal_plus_consensus_fallback,0.9602279767067278,0.9617567234147545,-0.001528746708026718,t18_corrected,6,4a511461d5d36c0e3b9a7e04,True
kvasir-seg::cju33x0f22peh0988g0ln7w5v,internal_plus_consensus,0.951036866359447,0.9501871580765908,0.000849708282856132,anchor_conditioned_target_pooling__knn_cond,6,6fc839459cc2194688ea7c16,True
kvasir-seg::cju33x0f22peh0988g0ln7w5v,internal_plus_consensus_fallback,0.951036866359447,0.9501871580765908,0.000849708282856132,anchor_conditioned_target_pooling__knn_cond,6,6fc839459cc2194688ea7c16,True
kvasir-seg::cju34fojcctcf0799ebolbvkn,internal_plus_consensus,0.9588119921546652,0.9575723517842091,0.0012396403704560965,anchor_conditioned_patch_correspondence__knn_pooled,6,e77e7cea5c36d2e36059dd8e,True
kvasir-seg::cju34fojcctcf0799ebolbvkn,internal_plus_consensus_fallback,0.9575723517842091,0.9575723517842091,0.0,anchor_conditioned_target_pooling__knn_cls,6,dce4146608709c808c8e9428,False
kvasir-seg::cju358pwtdby20878cg7nm0np,internal_plus_consensus,0.9508429458740018,0.9569513055751588,-0.0061083597011570845,t18_corrected,6,707cbfd9ab7cc13910d7d5a7,True
kvasir-seg::cju358pwtdby20878cg7nm0np,internal_plus_consensus_fallback,0.9508429458740018,0.9569513055751588,-0.0061083597011570845,t18_corrected,6,707cbfd9ab7cc13910d7d5a7,True
kvasir-seg::cju35fxqyzt5p0993vusm54qz,internal_plus_consensus,0.9769302053358045,0.9770962543341309,-0.00016604899832639575,t18_corrected,6,f1321d4f0eecf4fcd4bf4591,True
kvasir-seg::cju35fxqyzt5p0993vusm54qz,internal_plus_consensus_fallback,0.9769302053358045,0.9770962543341309,-0.00016604899832639575,t18_corrected,6,f1321d4f0eecf4fcd4bf4591,True
kvasir-seg::cju3tx1qyg0c907552fglumhc,internal_plus_consensus,0.9723962411902898,0.9559369667770752,0.016459274413214597,dino_global_pooling,6,1911037bee7c07f99d25b743,True
kvasir-seg::cju3tx1qyg0c907552fglumhc,internal_plus_consensus_fallback,0.9723962411902898,0.9559369667770752,0.016459274413214597,dino_global_pooling,6,1911037bee7c07f99d25b743,True
kvasir-seg::cju3u39fog1bo0871lxjrabks,internal_plus_consensus,0.9894424570281826,0.9895287958115183,-8.633878333574874e-05,anchor_conditioned_patch_correspondence__knn_cond,6,ad5f6d1a40ebd467e0698b81,True
kvasir-seg::cju3u39fog1bo0871lxjrabks,internal_plus_consensus_fallback,0.9894424570281826,0.9895287958115183,-8.633878333574874e-05,anchor_conditioned_patch_correspondence__knn_cond,6,ad5f6d1a40ebd467e0698b81,True
kvasir-seg::cju3x2s11ibzi0817kk284k0j,internal_plus_consensus,0.9333127269917317,0.9338770288638363,-0.0005643018721045445,dino_patch_average,6,a465730e4991c4406215cf47,True
kvasir-seg::cju3x2s11ibzi0817kk284k0j,internal_plus_consensus_fallback,0.9333127269917317,0.9338770288638363,-0.0005643018721045445,dino_patch_average,6,a465730e4991c4406215cf47,True
kvasir-seg::cju3xjqtpikx50817tppy6g84,internal_plus_consensus,0.9777128242601388,0.9788254928549077,-0.0011126685947688841,dino_global_pooling,3,20a438c798c7ea620833c56f,True
kvasir-seg::cju3xjqtpikx50817tppy6g84,internal_plus_consensus_fallback,0.9777128242601388,0.9788254928549077,-0.0011126685947688841,dino_global_pooling,3,20a438c798c7ea620833c56f,True
kvasir-seg::cju3xwpgviwlx0871rwm15q7v,internal_plus_consensus,0.8964773544212796,0.9039857227840571,-0.007508368362777462,dino_global_pooling,4,6d20be7c35fbcfb168964523,True
kvasir-seg::cju3xwpgviwlx0871rwm15q7v,internal_plus_consensus_fallback,0.9039857227840571,0.9039857227840571,0.0,anchor_conditioned_target_pooling__knn_cls,6,cef606a37aa4bf6048fdaff3,False
kvasir-seg::cju3xzvnzj0hd0755xprz39nj,internal_plus_consensus,0.9658304307570212,0.9670397461884198,-0.0012093154313985721,dino_global_pooling,4,ef1c73eca08943f674256645,True
kvasir-seg::cju3xzvnzj0hd0755xprz39nj,internal_plus_consensus_fallback,0.9658304307570212,0.9670397461884198,-0.0012093154313985721,dino_global_pooling,4,ef1c73eca08943f674256645,True
kvasir-seg::cju3yht87j83m08507yk1u1fg,internal_plus_consensus,0.9485612047114954,0.4883203261190227,0.4602408785924727,dino_patch_average,5,110f535cdc336861888c4d18,True
kvasir-seg::cju3yht87j83m08507yk1u1fg,internal_plus_consensus_fallback,0.9485612047114954,0.4883203261190227,0.4602408785924727,dino_patch_average,5,110f535cdc336861888c4d18,True
kvasir-seg::cju42g865lorv07552ytz6xxa,internal_plus_consensus,0.9309331927393236,0.9671198114917527,-0.03618661875242912,t18_corrected,3,c2674dfd8e1d96378122013a,True
kvasir-seg::cju42g865lorv07552ytz6xxa,internal_plus_consensus_fallback,0.9309331927393236,0.9671198114917527,-0.03618661875242912,t18_corrected,3,c2674dfd8e1d96378122013a,True
kvasir-seg::cju42nm68lpyo0818xvvqmupq,internal_plus_consensus,0.829199922133541,0.803539156626506,0.025660765507035,dino_global_pooling,5,c24c33787cad67e0c134e191,True
kvasir-seg::cju42nm68lpyo0818xvvqmupq,internal_plus_consensus_fallback,0.803539156626506,0.803539156626506,0.0,anchor_conditioned_target_pooling__knn_cls,6,5642cca37363ee3cb23aa8a6,False
kvasir-seg::cju42romflni20817etb9a0fl,internal_plus_consensus,0.7730746228985315,0.7699725440300007,0.0031020788685307554,dino_patch_average,5,a6a471ff64ac05c5efa07893,True
kvasir-seg::cju42romflni20817etb9a0fl,internal_plus_consensus_fallback,0.7730746228985315,0.7699725440300007,0.0031020788685307554,dino_patch_average,5,a6a471ff64ac05c5efa07893,True
kvasir-seg::cju45n0oxn5vu08500yfrt9jn,internal_plus_consensus,0.9854725415070242,0.9862904511398055,-0.0008179096327812774,dino_global_pooling,5,b1a12e00acd9c536ab150a6c,True
kvasir-seg::cju45n0oxn5vu08500yfrt9jn,internal_plus_consensus_fallback,0.9854725415070242,0.9862904511398055,-0.0008179096327812774,dino_global_pooling,5,b1a12e00acd9c536ab150a6c,True
kvasir-seg::cju45rj7ln8980850a7821fov,internal_plus_consensus,0.8355599538182418,0.8339117501239465,0.0016482036942953027,anchor_conditioned_patch_correspondence,6,511fd0ffbd1a1c94539e192f,True
kvasir-seg::cju45rj7ln8980850a7821fov,internal_plus_consensus_fallback,0.8355599538182418,0.8339117501239465,0.0016482036942953027,anchor_conditioned_patch_correspondence,6,511fd0ffbd1a1c94539e192f,True
kvasir-seg::cju45ty6zn9oz0850qy4qnck1,internal_plus_consensus,0.9603152654867256,0.9711014176663032,-0.010786152179577568,t18_corrected,4,26ed4a35ab0adbcec10fbee1,True
kvasir-seg::cju45ty6zn9oz0850qy4qnck1,internal_plus_consensus_fallback,0.9603152654867256,0.9711014176663032,-0.010786152179577568,t18_corrected,4,26ed4a35ab0adbcec10fbee1,True
kvasir-seg::cju5bbtwsa8cl0987wgfsqpao,internal_plus_consensus,0.9548509527951293,0.9303530936183998,0.02449785917672953,anchor_conditioned_patch_correspondence__knn_pooled,6,b995c034088a01f00929bcdd,True
kvasir-seg::cju5bbtwsa8cl0987wgfsqpao,internal_plus_consensus_fallback,0.9548509527951293,0.9303530936183998,0.02449785917672953,anchor_conditioned_patch_correspondence__knn_pooled,6,b995c034088a01f00929bcdd,True
kvasir-seg::cju5bycdkalkb09875f7bfrvx,internal_plus_consensus,0.758920539730135,0.7597857437165224,-0.0008652039863874528,anchor_conditioned_patch_correspondence__knn_cond,3,22dd805fa431126623b4f8ec,True
kvasir-seg::cju5bycdkalkb09875f7bfrvx,internal_plus_consensus_fallback,0.758920539730135,0.7597857437165224,-0.0008652039863874528,anchor_conditioned_patch_correspondence__knn_cond,3,22dd805fa431126623b4f8ec,True
kvasir-seg::cju5cjh3xattc0817j2vbulzi,internal_plus_consensus,0.6290973679961247,0.6289958023894091,0.00010156560671559234,dino_global_pooling,6,e03b6d6bff28e702ab17265d,True
kvasir-seg::cju5cjh3xattc0817j2vbulzi,internal_plus_consensus_fallback,0.6290973679961247,0.6289958023894091,0.00010156560671559234,dino_global_pooling,6,e03b6d6bff28e702ab17265d,True
kvasir-seg::cju5ekty5ckzf07550c9u3ckk,internal_plus_consensus,0.9775152833903222,0.9741720474901062,0.003343235900216013,anchor_conditioned_patch_correspondence__knn_pooled,6,be8001efac0a500c15de2d6d,True
kvasir-seg::cju5ekty5ckzf07550c9u3ckk,internal_plus_consensus_fallback,0.9775152833903222,0.9741720474901062,0.003343235900216013,anchor_conditioned_patch_correspondence__knn_pooled,6,be8001efac0a500c15de2d6d,True
kvasir-seg::cju5ew4h9cqaf0818rrczkmqh,internal_plus_consensus,0.9501435311974131,0.9577750843515577,-0.007631553154144544,dino_patch_average,6,315ad18bd4c9d7d4ac9769bb,True
kvasir-seg::cju5ew4h9cqaf0818rrczkmqh,internal_plus_consensus_fallback,0.9501435311974131,0.9577750843515577,-0.007631553154144544,dino_patch_average,6,315ad18bd4c9d7d4ac9769bb,True
kvasir-seg::cju5fi0yxd3ei0801v7u0yudn,internal_plus_consensus,0.2153745287657761,0.21303015642638284,0.002344372339393247,dino_global_pooling,5,665726c385d094168893a53e,True
kvasir-seg::cju5fi0yxd3ei0801v7u0yudn,internal_plus_consensus_fallback,0.2153745287657761,0.21303015642638284,0.002344372339393247,dino_global_pooling,5,665726c385d094168893a53e,True
kvasir-seg::cju5gucasds9d0801019axylx,internal_plus_consensus,0.9149081007488087,0.9160935350756534,-0.0011854343268447032,t18_corrected,3,b7711970eacc10107a08c2f2,True
kvasir-seg::cju5gucasds9d0801019axylx,internal_plus_consensus_fallback,0.9149081007488087,0.9160935350756534,-0.0011854343268447032,t18_corrected,3,b7711970eacc10107a08c2f2,True
kvasir-seg::cju5hl8nee8a40755fm8qjj0o,internal_plus_consensus,0.9732307692307692,0.9715603382013835,0.0016704310293856883,anchor_conditioned_patch_correspondence,5,1eee28c645950d74cf86036e,True
kvasir-seg::cju5hl8nee8a40755fm8qjj0o,internal_plus_consensus_fallback,0.9732307692307692,0.9715603382013835,0.0016704310293856883,anchor_conditioned_patch_correspondence,5,1eee28c645950d74cf86036e,True
kvasir-seg::cju5hyi9yegob0755ho3do8en,internal_plus_consensus,0.9032553874369555,0.9030001840603717,0.0002552033765838013,dino_global_pooling,6,177cba0a7e9e55a5236a4420,True
kvasir-seg::cju5hyi9yegob0755ho3do8en,internal_plus_consensus_fallback,0.9030001840603717,0.9030001840603717,0.0,anchor_conditioned_target_pooling__knn_cls,6,4fef91a4739f2f2c579be19b,False
kvasir-seg::cju5i39mreass0817au8p22zy,internal_plus_consensus,0.9575798546560758,0.9561722649970387,0.0014075896590370895,t18_corrected,3,be4c7df7c586c9e8ebde8ec0,True
kvasir-seg::cju5i39mreass0817au8p22zy,internal_plus_consensus_fallback,0.9575798546560758,0.9561722649970387,0.0014075896590370895,t18_corrected,3,be4c7df7c586c9e8ebde8ec0,True
kvasir-seg::cju5k3j3uf6de0817hszzfr7n,internal_plus_consensus,0.9580652318615487,0.9498881431767338,0.008177088684814926,dino_patch_average,3,fc6b550fe13269e11bfe7619,True
kvasir-seg::cju5k3j3uf6de0817hszzfr7n,internal_plus_consensus_fallback,0.9580652318615487,0.9498881431767338,0.008177088684814926,dino_patch_average,3,fc6b550fe13269e11bfe7619,True
kvasir-seg::cju5klveuff6w0871wbibgh3m,internal_plus_consensus,0.9544998997795149,0.939825643206464,0.014674256573050881,dino_global_pooling,6,eca22f0d784d7b3491b2a3c2,True
kvasir-seg::cju5klveuff6w0871wbibgh3m,internal_plus_consensus_fallback,0.9544998997795149,0.939825643206464,0.014674256573050881,dino_global_pooling,6,eca22f0d784d7b3491b2a3c2,True
kvasir-seg::cju5u8gz4kj5b07552e2wpkwp,internal_plus_consensus,0.93426899151166,0.4892658362046117,0.44500315530704826,t18_corrected,3,24ec191b04e7a9504a3660a7,True
kvasir-seg::cju5u8gz4kj5b07552e2wpkwp,internal_plus_consensus_fallback,0.93426899151166,0.4892658362046117,0.44500315530704826,t18_corrected,3,24ec191b04e7a9504a3660a7,True
kvasir-seg::cju5vutu7ll8w0871dfp92n9p,internal_plus_consensus,0.9810518174787316,0.9810469747133055,4.84276542611628e-06,dino_patch_average,6,13bfbb37462fa7cd1e29951a,True
kvasir-seg::cju5vutu7ll8w0871dfp92n9p,internal_plus_consensus_fallback,0.9810518174787316,0.9810469747133055,4.84276542611628e-06,dino_patch_average,6,13bfbb37462fa7cd1e29951a,True
kvasir-seg::cju5wcc90lu020850mjrxppv6,internal_plus_consensus,0.9699159416015337,0.9670623145400593,0.0028536270614744064,anchor_conditioned_patch_correspondence__knn_cond,6,12f1edca0f8dae3887f1a0d9,True
kvasir-seg::cju5wcc90lu020850mjrxppv6,internal_plus_consensus_fallback,0.9699159416015337,0.9670623145400593,0.0028536270614744064,anchor_conditioned_patch_correspondence__knn_cond,6,12f1edca0f8dae3887f1a0d9,True
kvasir-seg::cju5x7iskmad90818frchyfwd,internal_plus_consensus,0.7714275306888136,0.7694828323122952,0.00194469837651845,t18_corrected,4,b012ceca05be760698c01dc5,True
kvasir-seg::cju5x7iskmad90818frchyfwd,internal_plus_consensus_fallback,0.7714275306888136,0.7694828323122952,0.00194469837651845,t18_corrected,4,b012ceca05be760698c01dc5,True
kvasir-seg::cju5yimthmlv80850zhoc90c2,internal_plus_consensus,0.9579679467795585,0.9567460919714676,0.0012218548080908942,anchor_conditioned_patch_correspondence__knn_pooled,6,dac38844f79a5bfd625f5aea,True
kvasir-seg::cju5yimthmlv80850zhoc90c2,internal_plus_consensus_fallback,0.9579679467795585,0.9567460919714676,0.0012218548080908942,anchor_conditioned_patch_correspondence__knn_pooled,6,dac38844f79a5bfd625f5aea,True
kvasir-seg::cju6uy20suzbl0987rzuhz7z9,internal_plus_consensus,0.9770800627943486,0.9746384972296049,0.0024415655647436196,dino_global_pooling,4,211044cf277f10bcfeb2917c,True
kvasir-seg::cju6uy20suzbl0987rzuhz7z9,internal_plus_consensus_fallback,0.9770800627943486,0.9746384972296049,0.0024415655647436196,dino_global_pooling,4,211044cf277f10bcfeb2917c,True
kvasir-seg::cju6vgdmivcvb08018fra5lnv,internal_plus_consensus,0.9811681483605774,0.9801083257441403,0.0010598226164371116,dino_global_pooling,6,d92f5a7a450c28969e06dcda,True
kvasir-seg::cju6vgdmivcvb08018fra5lnv,internal_plus_consensus_fallback,0.9811681483605774,0.9801083257441403,0.0010598226164371116,dino_global_pooling,6,d92f5a7a450c28969e06dcda,True
kvasir-seg::cju6vifjlv55z0987un6y4zdo,internal_plus_consensus,0.3912618453865337,0.37357805566760793,0.017683789718925758,dino_global_pooling,3,266b7274c7ef41e594f03cbc,True
kvasir-seg::cju6vifjlv55z0987un6y4zdo,internal_plus_consensus_fallback,0.3912618453865337,0.37357805566760793,0.017683789718925758,dino_global_pooling,3,266b7274c7ef41e594f03cbc,True
kvasir-seg::cju6vqarjv7yo0987q4b1btk1,internal_plus_consensus,0.9053237410071943,0.9104033970276009,-0.005079656020406609,dino_global_pooling,6,b780649a121f2114fcd2352f,True
kvasir-seg::cju6vqarjv7yo0987q4b1btk1,internal_plus_consensus_fallback,0.9053237410071943,0.9104033970276009,-0.005079656020406609,dino_global_pooling,6,b780649a121f2114fcd2352f,True
kvasir-seg::cju6wuojavt740818b5qcv3iw,internal_plus_consensus,0.7627041583604379,0.49698360098564026,0.26572055737479766,t18_corrected,5,377ba1382435a5193dc8570d,True
kvasir-seg::cju6wuojavt740818b5qcv3iw,internal_plus_consensus_fallback,0.7627041583604379,0.49698360098564026,0.26572055737479766,t18_corrected,5,377ba1382435a5193dc8570d,True
kvasir-seg::cju6x35ervu2808015c7eoqe4,internal_plus_consensus,0.9787928221859706,0.828217602830606,0.15057521935536466,t18_corrected,3,57c083db6ccae0d9ce8b23a8,True
kvasir-seg::cju6x35ervu2808015c7eoqe4,internal_plus_consensus_fallback,0.9787928221859706,0.828217602830606,0.15057521935536466,t18_corrected,3,57c083db6ccae0d9ce8b23a8,True
kvasir-seg::cju6x97w4vwua0850x0997r0a,internal_plus_consensus,0.9338015077971703,0.9353808100587447,-0.0015793022615744334,dino_global_pooling,6,f2bb4189c12e79b117e485fd,True
kvasir-seg::cju6x97w4vwua0850x0997r0a,internal_plus_consensus_fallback,0.9338015077971703,0.9353808100587447,-0.0015793022615744334,dino_global_pooling,6,f2bb4189c12e79b117e485fd,True
kvasir-seg::cju6xlygpw7bs0818n691jsq4,internal_plus_consensus,0.5559322033898305,0.138078162589079,0.4178540408007515,dino_patch_average,6,d1b9bb5b5d8a32960a51d6da,True
kvasir-seg::cju6xlygpw7bs0818n691jsq4,internal_plus_consensus_fallback,0.5559322033898305,0.138078162589079,0.4178540408007515,dino_patch_average,6,d1b9bb5b5d8a32960a51d6da,True
kvasir-seg::cju77u1sjz77b0817ft44r3fk,internal_plus_consensus,0.9607671010871767,0.9603619420622594,0.0004051590249172232,dino_patch_average,6,ae2d0821121e2ca5b3dc6db0,True
kvasir-seg::cju77u1sjz77b0817ft44r3fk,internal_plus_consensus_fallback,0.9607671010871767,0.9603619420622594,0.0004051590249172232,dino_patch_average,6,ae2d0821121e2ca5b3dc6db0,True
kvasir-seg::cju7afqon1ip40850ue2308b6,internal_plus_consensus,0.9706216523291673,0.9717715768981181,-0.0011499245689507998,dino_patch_average,6,a3fd6cb3236e2d3674ff0134,True
kvasir-seg::cju7afqon1ip40850ue2308b6,internal_plus_consensus_fallback,0.9706216523291673,0.9717715768981181,-0.0011499245689507998,dino_patch_average,6,a3fd6cb3236e2d3674ff0134,True
kvasir-seg::cju7agj961l2r0818z29iq8yn,internal_plus_consensus,0.9473293768545994,0.9550920245398773,-0.007762647685277901,dino_global_pooling,6,2dc3e9efc55c116cbaef8619,True
kvasir-seg::cju7agj961l2r0818z29iq8yn,internal_plus_consensus_fallback,0.9473293768545994,0.9550920245398773,-0.007762647685277901,dino_global_pooling,6,2dc3e9efc55c116cbaef8619,True
kvasir-seg::cju7ap09p1kz10850ldccjebj,internal_plus_consensus,0.9299383717158611,0.9357857373346241,-0.0058473656187629786,dino_patch_average,6,834f45e6d36a3b2a9f5a522b,True
kvasir-seg::cju7ap09p1kz10850ldccjebj,internal_plus_consensus_fallback,0.9357857373346241,0.9357857373346241,0.0,anchor_conditioned_target_pooling__knn_cls,6,5ac803d1f403ade2a32a520a,False
kvasir-seg::cju7atnm31if40817pqclnjer,internal_plus_consensus,0.8854921735476415,0.7287221289858548,0.15677004456178678,t18_corrected,6,6a2bf009fbde07ee11f942e5,True
kvasir-seg::cju7atnm31if40817pqclnjer,internal_plus_consensus_fallback,0.8854921735476415,0.7287221289858548,0.15677004456178678,t18_corrected,6,6a2bf009fbde07ee11f942e5,True
kvasir-seg::cju7b1ygu1msd0801hywhy0mc,internal_plus_consensus,0.563529081202585,0.2912488605287147,0.27228022067387037,dino_patch_average,3,cadab3a48a129f5bb8540e46,True
kvasir-seg::cju7b1ygu1msd0801hywhy0mc,internal_plus_consensus_fallback,0.563529081202585,0.2912488605287147,0.27228022067387037,dino_patch_average,3,cadab3a48a129f5bb8540e46,True
kvasir-seg::cju7bd1qu1mx409877xjxibox,internal_plus_consensus,0.9692604070692687,0.9672708962739174,0.001989510795351368,anchor_conditioned_patch_correspondence__knn_cond,4,ae4fc901cc9f2fee69b50c4a,True
kvasir-seg::cju7bd1qu1mx409877xjxibox,internal_plus_consensus_fallback,0.9692604070692687,0.9672708962739174,0.001989510795351368,anchor_conditioned_patch_correspondence__knn_cond,4,ae4fc901cc9f2fee69b50c4a,True
kvasir-seg::cju7cufm7298k0755j09uf3of,internal_plus_consensus,0.9484188524037489,0.9375831780676072,0.010835674336141743,dino_patch_average,5,9a8c5feb8f5ebb566fe6a144,True
kvasir-seg::cju7cufm7298k0755j09uf3of,internal_plus_consensus_fallback,0.9484188524037489,0.9375831780676072,0.010835674336141743,dino_patch_average,5,9a8c5feb8f5ebb566fe6a144,True
kvasir-seg::cju7dda8w2br20818zhsuz8s7,internal_plus_consensus,0.9805237281340339,0.7676468334057175,0.2128768947283164,dino_global_pooling,6,701e98f98509932936ffc61d,True
kvasir-seg::cju7dda8w2br20818zhsuz8s7,internal_plus_consensus_fallback,0.9805237281340339,0.7676468334057175,0.2128768947283164,dino_global_pooling,6,701e98f98509932936ffc61d,True
kvasir-seg::cju7ehljc2or70871261br8ai,internal_plus_consensus,0.7042609685168795,0.6698312627480066,0.03442970576887283,dino_patch_average,5,4d1c8bb273d010e46428dbaa,True
kvasir-seg::cju7ehljc2or70871261br8ai,internal_plus_consensus_fallback,0.6698312627480066,0.6698312627480066,0.0,anchor_conditioned_target_pooling__knn_cls,6,3d294383ffbfeea2e11b0006,False
kvasir-seg::cju7ekbo32pft0871fv7kzwb9,internal_plus_consensus,0.9732620320855615,0.973531635996975,-0.00026960391141350737,dino_patch_average,5,8d093d7d0df377cb5818e1d3,True
kvasir-seg::cju7ekbo32pft0871fv7kzwb9,internal_plus_consensus_fallback,0.9732620320855615,0.973531635996975,-0.00026960391141350737,dino_patch_average,5,8d093d7d0df377cb5818e1d3,True
kvasir-seg::cju7eotqi2qea0871y8yc7tqh,internal_plus_consensus,0.37384565585788,0.3524509520226865,0.021394703835193485,anchor_conditioned_patch_correspondence__knn_cond,5,6088f46256a2f81b732bf284,True
kvasir-seg::cju7eotqi2qea0871y8yc7tqh,internal_plus_consensus_fallback,0.37384565585788,0.3524509520226865,0.021394703835193485,anchor_conditioned_patch_correspondence__knn_cond,5,6088f46256a2f81b732bf284,True
kvasir-seg::cju7ez7r22qbc08015xfoz2wb,internal_plus_consensus,0.9160629527854109,0.7217036862003781,0.19435926658503289,t18_corrected,3,9a9754063231d0d6fbd7846d,True
kvasir-seg::cju7ez7r22qbc08015xfoz2wb,internal_plus_consensus_fallback,0.9160629527854109,0.7217036862003781,0.19435926658503289,t18_corrected,3,9a9754063231d0d6fbd7846d,True
kvasir-seg::cju7f0ec32txj08184asb8w5f,internal_plus_consensus,0.9438418896119547,0.94485913797255,-0.0010172483605952465,dino_global_pooling,3,1148620c965d3cc15f735440,True
kvasir-seg::cju7f0ec32txj08184asb8w5f,internal_plus_consensus_fallback,0.9438418896119547,0.94485913797255,-0.0010172483605952465,dino_global_pooling,3,1148620c965d3cc15f735440,True
kvasir-seg::cju7fbndk2sl608015ravktum,internal_plus_consensus,0.9651146233803218,0.9657870403300377,-0.0006724169497158705,dino_patch_average,5,33d3100e6cb740cf033dd473,True
kvasir-seg::cju7fbndk2sl608015ravktum,internal_plus_consensus_fallback,0.9651146233803218,0.9657870403300377,-0.0006724169497158705,dino_patch_average,5,33d3100e6cb740cf033dd473,True
kvasir-seg::cju849c23kgnk0817cgv2hw1e,internal_plus_consensus,0.9222981973181777,0.9217638691322901,0.0005343281858876114,anchor_conditioned_patch_correspondence__knn_pooled,5,6037f8c48ce8cba27f83864a,True
kvasir-seg::cju849c23kgnk0817cgv2hw1e,internal_plus_consensus_fallback,0.9222981973181777,0.9217638691322901,0.0005343281858876114,anchor_conditioned_patch_correspondence__knn_pooled,5,6037f8c48ce8cba27f83864a,True
kvasir-seg::cju858eswlepn0871pzvdrhj1,internal_plus_consensus,0.9840100917118407,0.902910825905241,0.08109926580659976,dino_global_pooling,5,214447d7724925d278b50ae9,True
kvasir-seg::cju858eswlepn0871pzvdrhj1,internal_plus_consensus_fallback,0.9840100917118407,0.902910825905241,0.08109926580659976,dino_global_pooling,5,214447d7724925d278b50ae9,True
kvasir-seg::cju85a8h8llwm07559wxg4t5w,internal_plus_consensus,0.9868369607715366,0.9870976150136843,-0.0002606542421477176,dino_patch_average,3,6bf7ab0011d3d9376c4504f1,True
kvasir-seg::cju85a8h8llwm07559wxg4t5w,internal_plus_consensus_fallback,0.9868369607715366,0.9870976150136843,-0.0002606542421477176,dino_patch_average,3,6bf7ab0011d3d9376c4504f1,True
kvasir-seg::cju85rkbnlo1c08503uxcpax1,internal_plus_consensus,0.9760354494483632,0.9757772957339118,0.00025815371445137014,t18_corrected,5,15b0eeb6015502107bfef7c6,True
kvasir-seg::cju85rkbnlo1c08503uxcpax1,internal_plus_consensus_fallback,0.9760354494483632,0.9757772957339118,0.00025815371445137014,t18_corrected,5,15b0eeb6015502107bfef7c6,True
kvasir-seg::cju87li0zn3yb0817kbwgjiz8,internal_plus_consensus,0.7807541575540519,0.45987539865015203,0.32087875890389983,dino_patch_average,3,527c89685584e449f37531d9,True
kvasir-seg::cju87li0zn3yb0817kbwgjiz8,internal_plus_consensus_fallback,0.7807541575540519,0.45987539865015203,0.32087875890389983,dino_patch_average,3,527c89685584e449f37531d9,True
kvasir-seg::cju87r56lnkyp0755hz30leew,internal_plus_consensus,0.9400313971742543,0.9458097365823245,-0.0057783394080701544,dino_global_pooling,3,b1e6dcb9f3ab3a6868737ce7,True
kvasir-seg::cju87r56lnkyp0755hz30leew,internal_plus_consensus_fallback,0.9400313971742543,0.9458097365823245,-0.0057783394080701544,dino_global_pooling,3,b1e6dcb9f3ab3a6868737ce7,True
kvasir-seg::cju88itqbny720987hxizbj5y,internal_plus_consensus,0.9061224489795918,0.7964968691826028,0.10962557979698906,anchor_conditioned_patch_correspondence,4,ee874a1d22d3551137de72d0,True
kvasir-seg::cju88itqbny720987hxizbj5y,internal_plus_consensus_fallback,0.9061224489795918,0.7964968691826028,0.10962557979698906,anchor_conditioned_patch_correspondence,4,ee874a1d22d3551137de72d0,True
kvasir-seg::cju88oh0po9gq0801nge4tgr1,internal_plus_consensus,0.973016512283528,0.973234051116925,-0.00021753883339692415,dino_patch_average,3,e4b3c68b6038182e799c8ff7,True
kvasir-seg::cju88oh0po9gq0801nge4tgr1,internal_plus_consensus_fallback,0.973016512283528,0.973234051116925,-0.00021753883339692415,dino_patch_average,3,e4b3c68b6038182e799c8ff7,True
kvasir-seg::cju88y1mwoln50871emyfny1g,internal_plus_consensus,0.9206216266517774,0.23876628556235044,0.6818553410894269,t18_corrected,3,a10b00d36b5c5b5317290c32,True
kvasir-seg::cju88y1mwoln50871emyfny1g,internal_plus_consensus_fallback,0.9206216266517774,0.23876628556235044,0.6818553410894269,t18_corrected,3,a10b00d36b5c5b5317290c32,True
kvasir-seg::cju8aeei7q8k308173n9y4klv,internal_plus_consensus,0.9787832610479428,0.9787832610479428,0.0,anchor_conditioned_patch_correspondence__knn_cond,6,58745c84b5e5ec7f53ccdec9,True
kvasir-seg::cju8aeei7q8k308173n9y4klv,internal_plus_consensus_fallback,0.9787832610479428,0.9787832610479428,0.0,anchor_conditioned_patch_correspondence__knn_cond,6,58745c84b5e5ec7f53ccdec9,True
kvasir-seg::cju8alhigqn2h0801zksudldd,internal_plus_consensus,0.986014715858686,0.941635089823624,0.04437962603506207,t18_corrected,3,3ffeac54b4a0d46c16dd3384,True
kvasir-seg::cju8alhigqn2h0801zksudldd,internal_plus_consensus_fallback,0.986014715858686,0.941635089823624,0.04437962603506207,t18_corrected,3,3ffeac54b4a0d46c16dd3384,True
kvasir-seg::cju8at3s1qqqx0850hcq8nmnq,internal_plus_consensus,0.8860284258514347,0.9043664612911867,-0.018338035439751987,t18_corrected,6,499faf55b72599d875baa49c,True
kvasir-seg::cju8at3s1qqqx0850hcq8nmnq,internal_plus_consensus_fallback,0.8860284258514347,0.9043664612911867,-0.018338035439751987,t18_corrected,6,499faf55b72599d875baa49c,True
kvasir-seg::cju8bw697rwg308177tg8huas,internal_plus_consensus,0.8698151465637735,0.5630488233227959,0.3067663232409775,t18_corrected,3,0009d8b4762ccb02cc02aa63,True
kvasir-seg::cju8bw697rwg308177tg8huas,internal_plus_consensus_fallback,0.8698151465637735,0.5630488233227959,0.3067663232409775,t18_corrected,3,0009d8b4762ccb02cc02aa63,True
kvasir-seg::cju8chdlqsu620755azjty1tj,internal_plus_consensus,0.974241302738712,0.9747687754347022,-0.0005274726959901832,dino_global_pooling,3,cf7a5da845639bcca1d62dbf,True
kvasir-seg::cju8chdlqsu620755azjty1tj,internal_plus_consensus_fallback,0.974241302738712,0.9747687754347022,-0.0005274726959901832,dino_global_pooling,3,cf7a5da845639bcca1d62dbf,True
kvasir-seg::cju8cwy02t9eq08185qn12c02,internal_plus_consensus,0.9102705080272707,0.9130291368884003,-0.0027586288611295418,dino_global_pooling,3,f202f708b3eb34d959c3359c,True
kvasir-seg::cju8cwy02t9eq08185qn12c02,internal_plus_consensus_fallback,0.9102705080272707,0.9130291368884003,-0.0027586288611295418,dino_global_pooling,3,f202f708b3eb34d959c3359c,True
kvasir-seg::cju8d2q30tfhs0801n7lx77xl,internal_plus_consensus,0.9715475364330326,0.9757715338553662,-0.004223997422333592,t18_corrected,4,02ce621e30876cf505f54564,True
kvasir-seg::cju8d2q30tfhs0801n7lx77xl,internal_plus_consensus_fallback,0.9715475364330326,0.9757715338553662,-0.004223997422333592,t18_corrected,4,02ce621e30876cf505f54564,True
