scope,feature,beneficial_n,dangerous_n,beneficial_mean,dangerous_mean,difference_dangerous_minus_beneficial,mann_whitney_u_p_value,cliffs_delta_beneficial_minus_dangerous
all_physical_switch_candidates,delta_mask_area_ratio,101,96,0.006732751827428837,-0.13525072733561197,-0.1419834791630408,5.9896946024827484e-24,0.8327145214521452
all_physical_switch_candidates,delta_trace_area_final,101,96,0.006732751827428837,-0.13525072733561197,-0.1419834791630408,5.9896946024827484e-24,0.8327145214521452
all_physical_switch_candidates,q_model,101,96,0.7968487699717858,0.2649062602819994,-0.5319425096897864,1.0716573459353657e-22,0.7997112211221122
all_physical_switch_candidates,student_disagreement,101,96,0.2031512300282142,0.7350937397180006,0.5319425096897864,1.0716573459353657e-22,-0.7997112211221122
all_physical_switch_candidates,b7,101,96,0.82140158102397,0.30608501757249196,-0.515316563451478,3.1496492371521108e-22,0.7995049504950495
all_physical_switch_candidates,mask_area_ratio,101,96,0.14749749816290222,0.02823019027709961,-0.11926730788580261,2.7900735341200773e-21,0.7728960396039604
all_physical_switch_candidates,trace_area_final,101,96,0.14749749816290222,0.02823019027709961,-0.11926730788580261,2.7900735341200773e-21,0.7728960396039604
all_physical_switch_candidates,peer_disagreement,101,96,0.15193965837584242,0.6099383561474983,0.4579986977716558,1.4954860374583684e-19,-0.7458745874587459
all_physical_switch_candidates,q_multi,101,96,0.8480603416241574,0.39006164385250175,-0.4579986977716557,1.4954860374583684e-19,0.7458745874587459
all_physical_switch_candidates,delta_final_candidate_count,101,96,0.0,-0.5729166666666666,-0.5729166666666666,4.0585186793136828e-19,0.5729166666666666
all_physical_switch_candidates,delta_trace_candidate_count_final,101,96,0.0,-0.5729166666666666,-0.5729166666666666,4.0585186793136828e-19,0.5729166666666666
all_physical_switch_candidates,final_candidate_count,101,96,1.0,0.4270833333333333,-0.5729166666666667,4.0585186793136828e-19,0.5729166666666666
all_physical_switch_candidates,trace_candidate_count_final,101,96,1.0,0.4270833333333333,-0.5729166666666667,4.0585186793136828e-19,0.5729166666666666
all_physical_switch_candidates,delta_trace_empty_count,101,96,0.0,0.65625,0.65625,6.183489310822923e-19,-0.5729166666666666
all_physical_switch_candidates,trace_empty_count,101,96,0.0,0.65625,0.65625,6.183489310822923e-19,-0.5729166666666666
all_physical_switch_candidates,delta_trace_area_max,101,96,-0.020299477152305075,-0.18762985865275064,-0.16733038150044557,9.897310030109662e-19,0.7290635313531353
all_physical_switch_candidates,delta_cycle_candidate_count,101,96,-0.009900990099009901,-0.5625,-0.5525990099009901,6.788184745226474e-18,0.5525990099009901
all_physical_switch_candidates,cycle_candidate_count,101,96,0.9801980198019802,0.4270833333333333,-0.5531146864686469,1.4126578517201693e-17,0.5531146864686468
all_physical_switch_candidates,trace_area_max,101,96,0.2438801680461015,0.09987656275431316,-0.14400360529178835,9.414842513031239e-17,0.684302805280528
all_physical_switch_candidates,delta_trace_area_span,101,96,-0.0033345741800742575,-0.14926385879516602,-0.14592928461509175,1.1512043869094598e-15,0.6608910891089109
all_physical_switch_candidates,trace_area_min,101,96,0.031922444258586015,0.012668132781982422,-0.019254311476603593,6.544767824297887e-14,0.6075701320132013
all_physical_switch_candidates,delta_abs_q_return_minus_q_model,101,96,-0.020180282109018666,-0.17851983245902722,-0.15833955035000855,3.0016305815409323e-13,0.601897689768977
all_physical_switch_candidates,trace_component_final,101,96,3.772277227722772,2.5729166666666665,-1.1993605610561056,4.585965207958276e-13,0.5728135313531353
all_physical_switch_candidates,delta_abs_q_return_minus_q_multi,101,96,0.00996177038254875,-0.10583515420312618,-0.11579692458567493,1.1453375023947246e-12,0.5868399339933993
all_physical_switch_candidates,delta_q_return_minus_trace_adjacent_dice_min,101,96,-0.029840508604988682,-0.4812154532126969,-0.4513749446077082,1.1874707382945587e-12,0.5864273927392739
all_physical_switch_candidates,delta_trace_area_min,101,96,-0.016964902972230817,-0.03836599985758463,-0.021401096885353816,2.0660692085934342e-12,0.574773102310231
all_physical_switch_candidates,delta_q_return_minus_q_multi,101,96,-0.0007919075930718308,-0.22390558997547652,-0.2231136823824047,5.135127878824982e-12,0.5695132013201321
all_physical_switch_candidates,baseline_peer_disagreement,101,96,0.12983960346670598,0.2890031067012626,0.15916350323455664,7.838672233822958e-12,-0.5641501650165016
all_physical_switch_candidates,baseline_q_multi,101,96,0.870160396533294,0.7109968932987375,-0.15916350323455652,7.838672233822958e-12,0.5641501650165016
all_physical_switch_candidates,trace_area_span,101,96,0.21195772378751548,0.08720842997233073,-0.12474929381518475,9.121462622549799e-12,0.5618811881188119
all_physical_switch_candidates,trace_adjacent_dice_mean,101,96,0.27610114024729526,0.12258264540624464,-0.15351849484105062,1.89263780360923e-11,0.5500206270627063
all_physical_switch_candidates,baseline_abs_q_return_minus_q_multi,101,96,0.11797254393753716,0.2645508443716396,0.14657830043410247,2.3676059789480327e-11,-0.5509488448844885
all_physical_switch_candidates,delta_forward_sam_score,101,96,0.0076846444960868,-0.5621027573943138,-0.5697874018904006,2.502767488874741e-11,0.5110354785478548
all_physical_switch_candidates,delta_trace_sam_score_final,101,96,0.0076846444960868,-0.5621027573943138,-0.5697874018904006,2.502767488874741e-11,0.5110354785478548
all_physical_switch_candidates,delta_trace_sam_score_min,101,96,0.0076846444960868,-0.5621027573943138,-0.5697874018904006,2.502767488874741e-11,0.5110354785478548
all_physical_switch_candidates,delta_trace_sam_score_mean,101,96,0.0076846444960868,-0.25544557729735967,-0.2631302217934465,3.889176855423465e-11,0.5110354785478548
all_physical_switch_candidates,baseline_q_return_minus_q_multi,101,96,0.08946162186335331,0.2448007673234771,0.15533914546012378,4.076144810755808e-11,-0.5443481848184818
all_physical_switch_candidates,forward_sam_score,101,96,0.9794524158581649,0.41854796434442204,-0.5609044515137429,4.691934260942683e-11,0.49659653465346537
all_physical_switch_candidates,trace_sam_score_final,101,96,0.9794524158581649,0.41854796434442204,-0.5609044515137429,4.691934260942683e-11,0.49659653465346537
all_physical_switch_candidates,trace_sam_score_min,101,96,0.9794524158581649,0.41854796434442204,-0.5609044515137429,4.691934260942683e-11,0.49659653465346537
all_physical_switch_candidates,q_cycle,101,96,0.9367300558944389,0.41095682120050236,-0.5257732346939366,4.728070173401463e-11,0.5363036303630363
all_physical_switch_candidates,q_return,101,96,0.9367300558944389,0.41095682120050236,-0.5257732346939366,4.728070173401463e-11,0.5363036303630363
all_physical_switch_candidates,delta_trace_component_max,101,96,2.4653465346534653,0.17708333333333334,-2.288263201320132,5.734789442554044e-11,0.5350660066006601
all_physical_switch_candidates,trace_sam_score_mean,101,96,0.9794524158581649,0.7252051444413761,-0.2542472714167888,7.724153167264937e-11,0.49659653465346537
all_physical_switch_candidates,cycle_sam_score,101,96,0.8639215272251922,0.37372965427736443,-0.4901918729478278,1.036739493750003e-10,0.5264026402640264
all_physical_switch_candidates,trace_adjacent_dice_last,101,96,0.23482971675416192,0.07857223956044335,-0.15625747719371857,1.7309499291251428e-10,0.5010313531353136
all_physical_switch_candidates,delta_trace_component_final,101,96,0.900990099009901,0.041666666666666664,-0.8593234323432344,2.1838889558562454e-10,0.5153671617161716
all_physical_switch_candidates,delta_q_return_minus_q_model,101,96,-0.03844798823024032,-0.16047237743681733,-0.12202438920657702,4.396999941091677e-10,0.5148514851485149
all_physical_switch_candidates,q_return_minus_trace_adjacent_dice_min,101,96,0.824365906787233,0.3691869011727162,-0.4551790056145168,4.671300428049801e-10,0.508147689768977
all_physical_switch_candidates,delta_trace_adjacent_dice_mean,101,96,-0.10844876341759416,-0.27875477484024275,-0.1703060114226486,9.632269786729504e-10,0.5046410891089109
all_physical_switch_candidates,delta_q_return_minus_trace_adjacent_dice_mean,101,96,0.0855568009153859,-0.2660860645814694,-0.3516428654968553,1.4120051329763776e-09,0.49958745874587457
all_physical_switch_candidates,delta_peer_disagreement,101,96,0.02210005490913645,0.32093524944623564,0.29883519453709917,1.5727594599301609e-09,-0.49814356435643564
all_physical_switch_candidates,delta_q_multi,101,96,-0.022100054909136458,-0.32093524944623564,-0.29883519453709917,1.5727594599301609e-09,0.49814356435643564
all_physical_switch_candidates,q_return_minus_trace_adjacent_dice_mean,101,96,0.6606289156471437,0.2883741757942577,-0.37225473985288593,2.537203410379824e-09,0.48968646864686466
all_physical_switch_candidates,trace_centroid_max_step,101,96,0.31149951276245064,0.5653781698812045,0.25387865711875385,7.444814537099857e-09,-0.47658828382838286
all_physical_switch_candidates,baseline_b7,101,96,0.8309956744580882,0.7010886200174745,-0.12990705444061368,1.7964323570024856e-08,0.4643151815181518
all_physical_switch_candidates,trace_component_max,101,96,5.96039603960396,3.6875,-2.2728960396039604,3.27388967801882e-08,0.43079620462046203
all_physical_switch_candidates,delta_mask_area_change,101,96,15.870046868022813,1.2411727523392686,-14.628874115683544,5.986343201858759e-08,0.4470915841584158
all_physical_switch_candidates,delta_trace_area_max_rel_delta,101,96,15.870046868022813,1.2411727523392686,-14.628874115683544,5.986343201858759e-08,0.4470915841584158
all_physical_switch_candidates,delta_cycle_sam_score,101,96,0.0011004020672033328,-0.46690631409486133,-0.4680067161620647,8.369818124982114e-08,0.44162541254125415
all_physical_switch_candidates,delta_trace_adjacent_dice_last,101,96,-0.09611285382428508,-0.31458344671234745,-0.21847059288806236,1.4655251172004e-07,0.43368399339933994
all_physical_switch_candidates,delta_b7,101,96,-0.00959409343411786,-0.39500360244498256,-0.3854095090108647,2.258992761992056e-07,0.42718646864686466
all_physical_switch_candidates,baseline_q_cycle,101,96,0.9596220183966471,0.9557976606222146,-0.003824357774432463,2.454270575448329e-07,0.42553630363036304
all_physical_switch_candidates,baseline_q_return,101,96,0.9596220183966471,0.9557976606222146,-0.003824357774432463,2.454270575448329e-07,0.42553630363036304
all_physical_switch_candidates,bridge_count,101,96,2.782178217821782,1.375,-1.407178217821782,2.712149468721206e-07,0.4159447194719472
all_physical_switch_candidates,delta_trace_centroid_max_step,101,96,-0.01236173103191498,0.2321252142790765,0.2444869453109915,3.0104385557083e-07,-0.4227516501650165
all_physical_switch_candidates,delta_bridge_count,101,96,-3.207920792079208,-4.59375,-1.385829207920792,5.2991038355137e-07,0.4060437293729373
all_physical_switch_candidates,delta_q_model,101,96,0.015556025728032037,-0.3843684619848948,-0.3999244877129269,7.647813976132025e-07,0.408003300330033
all_physical_switch_candidates,delta_student_disagreement,101,96,-0.015556025728032042,0.3843684619848948,0.3999244877129269,7.647813976132025e-07,-0.408003300330033
all_physical_switch_candidates,delta_q_cycle,101,96,-0.022891962502208284,-0.5448408394217122,-0.521948876919504,1.0254939618617529e-06,0.40325907590759075
all_physical_switch_candidates,delta_q_return,101,96,-0.022891962502208284,-0.5448408394217122,-0.521948876919504,1.0254939618617529e-06,0.40325907590759075
all_physical_switch_candidates,mask_area_change,101,96,17.095278671933762,2.573495552192634,-14.521783119741128,6.465689151426885e-06,0.36953382838283827
all_physical_switch_candidates,trace_area_max_rel_delta,101,96,17.095278671933762,2.573495552192634,-14.521783119741128,6.465689151426885e-06,0.36953382838283827
all_physical_switch_candidates,trace_adjacent_dice_min,101,96,0.11236414910720603,0.04176992002778624,-0.07059422907941978,8.772176405687675e-06,0.3178630363036304
all_physical_switch_candidates,abs_q_return_minus_q_model,101,96,0.1751095733482822,0.14605056091850296,-0.029059012429779235,1.4154325392286189e-05,0.3543729372937294
all_physical_switch_candidates,delta_trace_bbox_h_max_rel_delta,101,96,2.120539919294736,0.38279132109519504,-1.7377485981995409,2.5191245543817897e-05,0.34756600660066006
all_physical_switch_candidates,baseline_q_model,101,96,0.7812927442437538,0.6492747222668943,-0.13201802197685952,0.00020193480608529847,0.3065181518151815
all_physical_switch_candidates,baseline_student_disagreement,101,96,0.21870725575624625,0.35072527773310574,0.1320180219768595,0.00020193480608529847,-0.3065181518151815
all_physical_switch_candidates,baseline_abs_q_return_minus_q_model,101,96,0.19528985545730082,0.32457039337753024,0.12928053792022942,0.0003225373926887123,-0.29661716171617164
all_physical_switch_candidates,baseline_q_return_minus_q_model,101,96,0.17832927415289354,0.3065229383553203,0.12819366420242675,0.0003319662042085426,-0.2959983498349835
all_physical_switch_candidates,delta_trace_bbox_w_max_rel_delta,101,96,2.0426275858037783,0.3957338779263327,-1.6468937078774457,0.001106805206876149,0.26908003300330036
all_physical_switch_candidates,baseline_trace_bbox_h_max_rel_delta,101,96,0.5894326541814509,0.8437827531844698,0.25435009900301897,0.0011949826275147615,-0.25917904290429045
all_physical_switch_candidates,baseline_path_bottleneck_similarity,101,96,0.8283957301980198,0.8336995442708334,0.005303814072813551,0.0020044002855243246,-0.25165016501650167
all_physical_switch_candidates,trace_bbox_h_max_rel_delta,101,96,2.7099725734761866,1.2265740742796647,-1.483398499196522,0.003378784160387041,0.24040841584158415
all_physical_switch_candidates,q_return_minus_q_multi,101,96,0.08866971427028147,0.02089517734800059,-0.06777453692228089,0.003935706585683842,0.23783003300330033
all_physical_switch_candidates,baseline_trace_bbox_w_max_rel_delta,101,96,0.6149503969485846,0.678789456531873,0.0638390595832884,0.006940567556357636,-0.21617161716171618
all_physical_switch_candidates,abs_q_return_minus_q_multi,101,96,0.1279343143200859,0.15871569016851342,0.030781375848427522,0.007348426551283624,-0.22112211221122113
all_physical_switch_candidates,baseline_cycle_sam_score,101,96,0.8628211251579889,0.8406359683722258,-0.02218515678576316,0.01659098979615503,0.19750412541254125
all_physical_switch_candidates,baseline_mask_area_ratio,101,96,0.1407647463354734,0.16348091761271158,0.022716171277238184,0.017052730651081316,-0.1967821782178218
all_physical_switch_candidates,baseline_trace_area_final,101,96,0.1407647463354734,0.16348091761271158,0.022716171277238184,0.017052730651081316,-0.1967821782178218
all_physical_switch_candidates,delta_trace_adjacent_dice_min,101,96,0.0069485461027803995,-0.06362538620901532,-0.07057393231179572,0.017815834944075345,0.19502887788778878
all_physical_switch_candidates,trace_bbox_w_max_rel_delta,101,96,2.657577982752362,1.0745233344582055,-1.5830546482941565,0.02790031815303914,0.17986798679867988
all_physical_switch_candidates,q_return_minus_q_model,101,96,0.13988128592265325,0.14605056091850296,0.006169274995849711,0.02886968275678457,0.17842409240924093
all_physical_switch_candidates,baseline_trace_area_span,101,96,0.21529229796758972,0.23647228876749674,0.02117999079990701,0.03932043542977801,-0.16893564356435645
all_physical_switch_candidates,baseline_trace_adjacent_dice_last,101,96,0.33094257057844695,0.3931556862727908,0.062213115694343846,0.04762636644736975,-0.16336633663366337
all_physical_switch_candidates,baseline_trace_area_min,101,96,0.04888734723081683,0.051034132639567055,0.0021467854087502264,0.04905110236293638,-0.13232260726072606
all_physical_switch_candidates,path_bottleneck_similarity,101,96,0.7232750618811881,0.742431640625,0.019156578743811936,0.0723193085972471,-0.1481023102310231
all_physical_switch_candidates,baseline_trace_component_max,101,96,3.495049504950495,3.5104166666666665,0.015367161716171474,0.10240598917987748,-0.1269595709570957
all_physical_switch_candidates,delta_path_mean_similarity,101,96,-0.08886062092613627,-0.11153515387269552,-0.02267453294655926,0.17981753071184947,0.11076732673267327
all_physical_switch_candidates,delta_route_mode_patch_correspondence,101,96,0.5841584158415841,0.4895833333333333,-0.09457508250825081,0.18482953045829842,0.09457508250825082
all_physical_switch_candidates,route_mode_changed,101,96,0.5841584158415841,0.4895833333333333,-0.09457508250825081,0.18482953045829842,0.09457508250825082
all_physical_switch_candidates,route_mode_patch_correspondence,101,96,0.5841584158415841,0.4895833333333333,-0.09457508250825081,0.18482953045829842,0.09457508250825082
all_physical_switch_candidates,baseline_trace_area_max,101,96,0.26417964519840653,0.2875064214070638,0.02332677620865725,0.18999212153355038,-0.10705445544554455
all_physical_switch_candidates,path_mean_similarity,101,96,0.8226440626704482,0.8000783026110351,-0.02256576005941313,0.196574071245885,0.10664191419141915
all_physical_switch_candidates,baseline_trace_component_final,101,96,2.871287128712871,2.53125,-0.3400371287128712,0.21379177830295204,-0.09540016501650166
all_physical_switch_candidates,baseline_bridge_count,101,96,5.99009900990099,5.96875,-0.02134900990099009,0.2918277037748954,0.0213490099009901
all_physical_switch_candidates,baseline_q_return_minus_trace_adjacent_dice_min,101,96,0.8542064153922216,0.8504023543854128,-0.0038040610068088565,0.3127254627734063,0.08333333333333333
all_physical_switch_candidates,baseline_mask_area_change,101,96,1.2252318039109518,1.3323227998533647,0.10709099594241289,0.36131728940750796,-0.07332920792079207
all_physical_switch_candidates,baseline_trace_area_max_rel_delta,101,96,1.2252318039109518,1.3323227998533647,0.10709099594241289,0.36131728940750796,-0.07332920792079207
all_physical_switch_candidates,baseline_path_mean_similarity,101,96,0.9115046835965847,0.9116134564837307,0.00010877288714605804,0.3644377430901331,-0.07487623762376237
all_physical_switch_candidates,baseline_trace_centroid_max_step,101,96,0.32386124379436565,0.333252955602128,0.009391711807762326,0.5909386365914088,-0.04434818481848185
all_physical_switch_candidates,baseline_q_return_minus_trace_adjacent_dice_mean,101,96,0.5750721147317579,0.554460240375727,-0.020611874356030846,0.6443668026381073,0.03816006600660066
all_physical_switch_candidates,delta_path_bottleneck_similarity,101,96,-0.10512066831683169,-0.09126790364583333,0.013852764670998358,0.6681160146024585,-0.03372524752475248
all_physical_switch_candidates,baseline_forward_sam_score,101,96,0.971767771362078,0.9806507217387358,0.008882950376657761,0.8135486981423653,0.01051980198019802
all_physical_switch_candidates,baseline_trace_sam_score_final,101,96,0.971767771362078,0.9806507217387358,0.008882950376657761,0.8135486981423653,0.01051980198019802
all_physical_switch_candidates,baseline_trace_sam_score_mean,101,96,0.971767771362078,0.9806507217387358,0.008882950376657761,0.8135486981423653,0.01051980198019802
all_physical_switch_candidates,baseline_trace_sam_score_min,101,96,0.971767771362078,0.9806507217387358,0.008882950376657761,0.8135486981423653,0.01051980198019802
all_physical_switch_candidates,baseline_trace_adjacent_dice_mean,101,96,0.38454990366488956,0.4013374202464874,0.016787516581597828,0.822818989253433,-0.018564356435643563
all_physical_switch_candidates,baseline_trace_adjacent_dice_min,101,96,0.10541560300442564,0.10539530623680156,-2.0296767624078393e-05,0.9356870165370895,-0.006703795379537953
all_physical_switch_candidates,baseline_cycle_candidate_count,101,96,0.9900990099009901,0.9895833333333334,-0.0005156765676567199,0.9770258497420949,0.0005156765676567656
all_physical_switch_candidates,baseline_final_candidate_count,101,96,1.0,1.0,0.0,1.0,0.0
all_physical_switch_candidates,baseline_route_mode_patch_correspondence,101,96,0.0,0.0,0.0,1.0,0.0
all_physical_switch_candidates,baseline_trace_candidate_count_final,101,96,1.0,1.0,0.0,1.0,0.0
all_physical_switch_candidates,baseline_trace_candidate_count_max,101,96,1.0,1.0,0.0,1.0,0.0
all_physical_switch_candidates,baseline_trace_empty_count,101,96,0.0,0.0,0.0,1.0,0.0
all_physical_switch_candidates,delta_trace_candidate_count_max,101,96,0.0,0.0,0.0,1.0,0.0
all_physical_switch_candidates,trace_candidate_count_max,101,96,1.0,1.0,0.0,1.0,0.0
qreturn_competitive_physical_switch_candidates,delta_abs_q_return_minus_q_model,37,27,-0.012383889921262855,-0.1423544253154091,-0.12997053539414624,4.930346431424462e-06,0.6736736736736737
qreturn_competitive_physical_switch_candidates,baseline_abs_q_return_minus_q_model,37,27,0.21754197875001127,0.44059177309655506,0.2230497943465438,1.9247797421585185e-05,-0.6276276276276276
qreturn_competitive_physical_switch_candidates,baseline_q_model,37,27,0.7706295022703472,0.5492289452189238,-0.22140055705142336,2.1748853621497197e-05,0.6236236236236237
qreturn_competitive_physical_switch_candidates,baseline_student_disagreement,37,27,0.2293704977296529,0.4507710547810762,0.2214005570514233,2.1748853621497197e-05,-0.6236236236236237
qreturn_competitive_physical_switch_candidates,delta_trace_area_span,37,27,-0.030246219119510136,-0.12916282371238427,-0.09891660459287413,2.6611422734556412e-05,0.6196196196196196
qreturn_competitive_physical_switch_candidates,baseline_q_return_minus_q_model,37,27,0.17242369792714363,0.37883642840807896,0.20641273048093534,3.520129473467364e-05,-0.6076076076076076
qreturn_competitive_physical_switch_candidates,baseline_q_cycle,37,27,0.9430532001974906,0.9280653736270027,-0.014987826570487917,4.204384293445998e-05,0.6016016016016016
qreturn_competitive_physical_switch_candidates,baseline_q_return,37,27,0.9430532001974906,0.9280653736270027,-0.014987826570487917,4.204384293445998e-05,0.6016016016016016
qreturn_competitive_physical_switch_candidates,delta_q_model,37,27,0.014059595202195076,0.08482167920734021,0.07076208400514514,4.807729163038423e-05,-0.5995995995995996
qreturn_competitive_physical_switch_candidates,delta_student_disagreement,37,27,-0.014059595202195088,-0.08482167920734021,-0.07076208400514512,4.807729163038423e-05,0.5995995995995996
qreturn_competitive_physical_switch_candidates,delta_q_return_minus_q_model,37,27,-0.011109698576081333,-0.08059908062693302,-0.06948938205085169,4.8086883923160144e-05,0.5995995995995996
qreturn_competitive_physical_switch_candidates,baseline_b7,37,27,0.8082866149241552,0.6402605826083424,-0.1680260323158128,5.314696470671388e-05,0.5935935935935935
qreturn_competitive_physical_switch_candidates,delta_trace_area_max,37,27,-0.037993559966216214,-0.1405707465277778,-0.10257718656156158,7.198725857667509e-05,0.5855855855855856
qreturn_competitive_physical_switch_candidates,delta_b7,37,27,-0.004804496054494654,0.10084161799601672,0.10564611405051137,9.557555024512426e-05,-0.5755755755755756
qreturn_competitive_physical_switch_candidates,delta_mask_area_ratio,37,27,-0.001602585251266892,-0.052756415473090276,-0.05115383022182338,0.00045243292392630234,0.5175175175175175
qreturn_competitive_physical_switch_candidates,delta_trace_area_final,37,27,-0.001602585251266892,-0.052756415473090276,-0.05115383022182338,0.00045243292392630234,0.5175175175175175
qreturn_competitive_physical_switch_candidates,mask_area_ratio,37,27,0.14418277224978884,0.0661044650607639,-0.07807830718902495,0.0006129087846681764,0.5055055055055055
qreturn_competitive_physical_switch_candidates,trace_area_final,37,27,0.14418277224978884,0.0661044650607639,-0.07807830718902495,0.0006129087846681764,0.5055055055055055
qreturn_competitive_physical_switch_candidates,baseline_peer_disagreement,37,27,0.1546439236976589,0.29416870114197063,0.13952477744431174,0.0007831569437268091,-0.4934934934934935
qreturn_competitive_physical_switch_candidates,baseline_q_multi,37,27,0.8453560763023411,0.7058312988580295,-0.13952477744431158,0.0007831569437268091,0.4934934934934935
qreturn_competitive_physical_switch_candidates,baseline_path_bottleneck_similarity,37,27,0.8263302364864865,0.8347800925925926,0.008449856106106046,0.0014565314710739117,-0.4624624624624625
qreturn_competitive_physical_switch_candidates,baseline_abs_q_return_minus_q_multi,37,27,0.1591558779833963,0.2916734288457638,0.1325175508623675,0.001466720121732016,-0.4674674674674675
qreturn_competitive_physical_switch_candidates,baseline_q_return_minus_q_multi,37,27,0.09769712389514962,0.22223407476897336,0.12453695087382374,0.0016881565390720465,-0.46146146146146144
qreturn_competitive_physical_switch_candidates,baseline_trace_bbox_h_max_rel_delta,37,27,0.5951211138227378,1.179104203409759,0.5839830895870212,0.002077350362469709,-0.44844844844844844
qreturn_competitive_physical_switch_candidates,delta_trace_bbox_h_max_rel_delta,37,27,0.3515490915903658,-0.3750617367814652,-0.726610828371831,0.002597435255143517,0.4444444444444444
qreturn_competitive_physical_switch_candidates,baseline_trace_area_span,37,27,0.19302615603885134,0.2394092701099537,0.04638311407110235,0.004537588153867875,-0.4164164164164164
qreturn_competitive_physical_switch_candidates,baseline_cycle_sam_score,37,27,0.8351866296819739,0.7940118930957936,-0.041174736586180316,0.005054607345653447,0.4114114114114114
qreturn_competitive_physical_switch_candidates,b7,37,27,0.8034821188696605,0.7411022006043589,-0.06237991826530154,0.005786533679124112,0.4074074074074074
qreturn_competitive_physical_switch_candidates,q_model,37,27,0.7846890974725422,0.634050624426264,-0.1506384730462782,0.008696609415022996,0.38738738738738737
qreturn_competitive_physical_switch_candidates,student_disagreement,37,27,0.2153109025274578,0.3659493755737361,0.15063847304627828,0.008696609415022996,-0.38738738738738737
qreturn_competitive_physical_switch_candidates,q_cycle,37,27,0.9460030968236044,0.9322879722074099,-0.013715124616194507,0.010593137608328841,0.37737737737737737
qreturn_competitive_physical_switch_candidates,q_return,37,27,0.9460030968236044,0.9322879722074099,-0.013715124616194507,0.010593137608328841,0.37737737737737737
qreturn_competitive_physical_switch_candidates,delta_abs_q_return_minus_q_multi,37,27,0.015108160895981918,-0.14902800777047198,-0.1641361686664539,0.011017914361371818,0.37537537537537535
qreturn_competitive_physical_switch_candidates,trace_area_max,37,27,0.20592601879222974,0.14648494014033564,-0.0594410786518941,0.014114766539247056,0.36236236236236236
qreturn_competitive_physical_switch_candidates,delta_trace_bbox_w_max_rel_delta,37,27,0.3471671965147193,-0.022462758698787902,-0.36962995521350717,0.017995902999852792,0.34934934934934936
qreturn_competitive_physical_switch_candidates,peer_disagreement,37,27,0.17425327224957388,0.2103574488678818,0.03610417661830792,0.01801038723688125,-0.34934934934934936
qreturn_competitive_physical_switch_candidates,q_multi,37,27,0.825746727750426,0.7896425511321182,-0.03610417661830778,0.01801038723688125,0.34934934934934936
qreturn_competitive_physical_switch_candidates,baseline_forward_sam_score,37,27,0.9791232218613496,0.9804878830909729,0.0013646612296233096,0.02031881539212643,0.21621621621621623
qreturn_competitive_physical_switch_candidates,baseline_trace_sam_score_final,37,27,0.9791232218613496,0.9804878830909729,0.0013646612296233096,0.02031881539212643,0.21621621621621623
qreturn_competitive_physical_switch_candidates,baseline_trace_sam_score_mean,37,27,0.9791232218613496,0.9804878830909729,0.0013646612296233096,0.02031881539212643,0.21621621621621623
qreturn_competitive_physical_switch_candidates,baseline_trace_sam_score_min,37,27,0.9791232218613496,0.9804878830909729,0.0013646612296233096,0.02031881539212643,0.21621621621621623
qreturn_competitive_physical_switch_candidates,baseline_trace_bbox_w_max_rel_delta,37,27,0.6559231288540834,0.6742459922225053,0.018322863368421816,0.025018684056135304,-0.3233233233233233
qreturn_competitive_physical_switch_candidates,delta_cycle_sam_score,37,27,-0.0031115976539818017,0.038531323273976646,0.041642920927958446,0.026801913351726964,-0.32432432432432434
qreturn_competitive_physical_switch_candidates,trace_area_span,37,27,0.16277993691934123,0.11024644639756945,-0.05253349052177178,0.02861107683443238,0.3233233233233233
qreturn_competitive_physical_switch_candidates,q_return_minus_q_model,37,27,0.16131399935106228,0.298237347781146,0.13692334843008375,0.02962191139635971,-0.3213213213213213
qreturn_competitive_physical_switch_candidates,trace_bbox_w_max_rel_delta,37,27,1.0030903253688028,0.6517832335237175,-0.35130709184508535,0.03863445150302273,0.3053053053053053
qreturn_competitive_physical_switch_candidates,delta_peer_disagreement,37,27,0.019609348551915,-0.08381125227408877,-0.10342060082600377,0.04143587569587485,0.3013013013013013
qreturn_competitive_physical_switch_candidates,delta_q_multi,37,27,-0.019609348551915002,0.08381125227408877,0.10342060082600377,0.04143587569587485,-0.3013013013013013
qreturn_competitive_physical_switch_candidates,delta_q_return_minus_q_multi,37,27,0.02255924517802875,-0.07958865369368157,-0.10214789887171032,0.04143587569587485,0.3013013013013013
qreturn_competitive_physical_switch_candidates,delta_trace_centroid_max_step,37,27,-0.03838622300265245,-0.07531806069374579,-0.03693183769109334,0.04567279883147845,0.2952952952952953
qreturn_competitive_physical_switch_candidates,trace_area_min,37,27,0.043146081872888514,0.036238493742766206,-0.006907588130122308,0.06367424708633738,0.27127127127127126
qreturn_competitive_physical_switch_candidates,forward_sam_score,37,27,0.9811216335038881,0.9441735170505665,-0.03694811645332163,0.06471614985589372,0.11511511511511512
qreturn_competitive_physical_switch_candidates,trace_sam_score_final,37,27,0.9811216335038881,0.9441735170505665,-0.03694811645332163,0.06471614985589372,0.11511511511511512
qreturn_competitive_physical_switch_candidates,trace_sam_score_mean,37,27,0.9811216335038881,0.9623307000707697,-0.01879093343311844,0.06471614985589372,0.11511511511511512
qreturn_competitive_physical_switch_candidates,trace_sam_score_min,37,27,0.9811216335038881,0.9441735170505665,-0.03694811645332163,0.06471614985589372,0.11511511511511512
qreturn_competitive_physical_switch_candidates,abs_q_return_minus_q_model,37,27,0.20515808882874842,0.298237347781146,0.0930792589523976,0.07059719773941213,-0.2672672672672673
qreturn_competitive_physical_switch_candidates,delta_q_cycle,37,27,0.0029498966261137433,0.004222598580407189,0.0012727019542934453,0.07491688662625959,-0.26326326326326327
qreturn_competitive_physical_switch_candidates,delta_q_return,37,27,0.0029498966261137433,0.004222598580407189,0.0012727019542934453,0.07491688662625959,-0.26326326326326327
qreturn_competitive_physical_switch_candidates,q_return_minus_q_multi,37,27,0.12025636907317837,0.14264542107529177,0.0223890520021134,0.0771853245185883,-0.26126126126126126
qreturn_competitive_physical_switch_candidates,mask_area_change,37,27,2.5243957365320098,1.6387657785359655,-0.8856299579960443,0.10715249797751629,0.23823823823823823
qreturn_competitive_physical_switch_candidates,trace_area_max_rel_delta,37,27,2.5243957365320098,1.6387657785359655,-0.8856299579960443,0.10715249797751629,0.23823823823823823
qreturn_competitive_physical_switch_candidates,baseline_trace_adjacent_dice_mean,37,27,0.38591869131022793,0.3734502412822529,-0.012468450027975031,0.12287729522046541,0.22722722722722724
qreturn_competitive_physical_switch_candidates,baseline_trace_area_max,37,27,0.24391957875844594,0.28705568666811343,0.04313610790966749,0.12542022919532453,-0.22522522522522523
qreturn_competitive_physical_switch_candidates,delta_mask_area_change,37,27,1.2244132469924007,0.3381870363609376,-0.8862262106314631,0.1278515640675597,0.22522522522522523
qreturn_competitive_physical_switch_candidates,delta_trace_area_max_rel_delta,37,27,1.2244132469924007,0.3381870363609376,-0.8862262106314631,0.1278515640675597,0.22522522522522523
qreturn_competitive_physical_switch_candidates,delta_trace_component_max,37,27,1.2432432432432432,3.5555555555555554,2.3123123123123124,0.205917753083127,0.18518518518518517
qreturn_competitive_physical_switch_candidates,baseline_path_mean_similarity,37,27,0.9121406635970434,0.9117167573369125,-0.0004239062601308907,0.21407480270539636,-0.1831831831831832
qreturn_competitive_physical_switch_candidates,abs_q_return_minus_q_multi,37,27,0.17426403887937822,0.14264542107529177,-0.03161861780408645,0.2160576180783168,-0.1831831831831832
qreturn_competitive_physical_switch_candidates,trace_adjacent_dice_last,37,27,0.28403179209332896,0.19477079189887703,-0.08926100019445193,0.21752511237856487,0.18118118118118118
qreturn_competitive_physical_switch_candidates,baseline_trace_area_min,37,27,0.05089342271959459,0.047646416558159724,-0.003247006161434869,0.24346483638276517,0.15315315315315314
qreturn_competitive_physical_switch_candidates,delta_final_candidate_count,37,27,0.0,-0.037037037037037035,-0.037037037037037035,0.25470749409104365,0.037037037037037035
qreturn_competitive_physical_switch_candidates,delta_trace_candidate_count_final,37,27,0.0,-0.037037037037037035,-0.037037037037037035,0.25470749409104365,0.037037037037037035
qreturn_competitive_physical_switch_candidates,delta_trace_empty_count,37,27,0.0,0.037037037037037035,0.037037037037037035,0.25470749409104365,-0.037037037037037035
qreturn_competitive_physical_switch_candidates,final_candidate_count,37,27,1.0,0.9629629629629629,-0.03703703703703709,0.25470749409104365,0.037037037037037035
qreturn_competitive_physical_switch_candidates,trace_candidate_count_final,37,27,1.0,0.9629629629629629,-0.03703703703703709,0.25470749409104365,0.037037037037037035
qreturn_competitive_physical_switch_candidates,trace_empty_count,37,27,0.0,0.037037037037037035,0.037037037037037035,0.25470749409104365,-0.037037037037037035
qreturn_competitive_physical_switch_candidates,delta_forward_sam_score,37,27,0.001998411642538535,-0.0363143660404064,-0.038312777682944936,0.2758580717614808,-0.09309309309309309
qreturn_competitive_physical_switch_candidates,delta_trace_sam_score_final,37,27,0.001998411642538535,-0.0363143660404064,-0.038312777682944936,0.2758580717614808,-0.09309309309309309
qreturn_competitive_physical_switch_candidates,delta_trace_sam_score_mean,37,27,0.001998411642538535,-0.0181571830202032,-0.020155594662741735,0.2758580717614808,-0.09309309309309309
qreturn_competitive_physical_switch_candidates,delta_trace_sam_score_min,37,27,0.001998411642538535,-0.0363143660404064,-0.038312777682944936,0.2758580717614808,-0.09309309309309309
qreturn_competitive_physical_switch_candidates,delta_trace_adjacent_dice_last,37,27,-0.02784585867938346,-0.15482665203880153,-0.12698079335941806,0.2948786423328831,0.15515515515515516
qreturn_competitive_physical_switch_candidates,baseline_trace_adjacent_dice_min,37,27,0.13894669945917343,0.09117144767242606,-0.047775251786747366,0.2969530578647418,0.15315315315315314
qreturn_competitive_physical_switch_candidates,delta_trace_adjacent_dice_min,37,27,0.004384239560565656,0.03397549430583608,0.029591254745270426,0.31967232161999504,-0.14714714714714713
qreturn_competitive_physical_switch_candidates,delta_trace_component_final,37,27,0.8918918918918919,4.222222222222222,3.33033033033033,0.3559896909343776,0.13413413413413414
qreturn_competitive_physical_switch_candidates,trace_adjacent_dice_mean,37,27,0.309451448671968,0.28661225359964154,-0.022839195072326457,0.35876055988653066,0.13613613613613615
qreturn_competitive_physical_switch_candidates,delta_path_bottleneck_similarity,37,27,-0.09406672297297297,-0.09606481481481481,-0.0019980918418418397,0.3783579698864814,0.12212212212212212
qreturn_competitive_physical_switch_candidates,baseline_trace_centroid_max_step,37,27,0.30668811265661733,0.34280532309296907,0.03611721043635174,0.40094112960068706,-0.12412412412412413
qreturn_competitive_physical_switch_candidates,delta_q_return_minus_trace_adjacent_dice_min,37,27,-0.0014343429344519062,-0.02975289572542887,-0.028318552790976965,0.43840893960040184,0.11511511511511512
qreturn_competitive_physical_switch_candidates,path_bottleneck_similarity,37,27,0.7322635135135135,0.7387152777777778,0.006451764264264304,0.4855628253331864,-0.1031031031031031
qreturn_competitive_physical_switch_candidates,baseline_trace_component_max,37,27,3.189189189189189,2.925925925925926,-0.263263263263263,0.5036449285336061,-0.0940940940940941
qreturn_competitive_physical_switch_candidates,trace_bbox_h_max_rel_delta,37,27,0.9466702054131039,0.8040424666282938,-0.14262773878481005,0.5042491824363526,0.0990990990990991
qreturn_competitive_physical_switch_candidates,bridge_count,37,27,2.945945945945946,2.6296296296296298,-0.3163163163163163,0.5086114614764279,0.0970970970970971
qreturn_competitive_physical_switch_candidates,delta_bridge_count,37,27,-3.054054054054054,-3.3703703703703702,-0.3163163163163163,0.5086114614764279,0.0970970970970971
qreturn_competitive_physical_switch_candidates,baseline_mask_area_ratio,37,27,0.14578535750105576,0.11886088053385417,-0.026924476967201585,0.5480134958360121,0.0890890890890891
qreturn_competitive_physical_switch_candidates,baseline_trace_area_final,37,27,0.14578535750105576,0.11886088053385417,-0.026924476967201585,0.5480134958360121,0.0890890890890891
qreturn_competitive_physical_switch_candidates,cycle_sam_score,37,27,0.832075032027992,0.8325432163697702,0.00046818434177819945,0.5666245792894333,-0.08508508508508508
qreturn_competitive_physical_switch_candidates,baseline_mask_area_change,37,27,1.2999824895396093,1.3005787421750281,0.000596252635418848,0.5743049913843941,0.08308308308308308
qreturn_competitive_physical_switch_candidates,baseline_trace_area_max_rel_delta,37,27,1.2999824895396093,1.3005787421750281,0.000596252635418848,0.5743049913843941,0.08308308308308308
qreturn_competitive_physical_switch_candidates,trace_centroid_max_step,37,27,0.2683018896539649,0.2674872623992232,-0.0008146272547416844,0.577255986502236,0.08308308308308308
qreturn_competitive_physical_switch_candidates,baseline_q_return_minus_trace_adjacent_dice_mean,37,27,0.5571345088872626,0.5546151323447499,-0.0025193765425126635,0.613441321973833,-0.07507507507507508
qreturn_competitive_physical_switch_candidates,q_return_minus_trace_adjacent_dice_mean,37,27,0.6365516481516366,0.6456757186077683,0.009124070456131728,0.6342131619825108,-0.07107107107107107
qreturn_competitive_physical_switch_candidates,delta_trace_area_min,37,27,-0.007747340846706081,-0.01140792281539352,-0.003660581968687438,0.6608579399251564,0.06506506506506507
qreturn_competitive_physical_switch_candidates,trace_adjacent_dice_min,37,27,0.1433309390197391,0.12514694197826215,-0.01818399704147694,0.7039431108641598,0.055055055055055056
qreturn_competitive_physical_switch_candidates,path_mean_similarity,37,27,0.8260891489482455,0.8278779124622387,0.0017887635139932634,0.7288392635021615,-0.05205205205205205
qreturn_competitive_physical_switch_candidates,delta_q_return_minus_trace_adjacent_dice_mean,37,27,0.07941713926437377,0.09106058626301855,0.01164344699864478,0.7857076093346481,-0.04104104104104104
qreturn_competitive_physical_switch_candidates,delta_path_mean_similarity,37,27,-0.08605151464879801,-0.08383884487467397,0.002212669774124043,0.8066932060479678,-0.037037037037037035
qreturn_competitive_physical_switch_candidates,delta_route_mode_patch_correspondence,37,27,0.5135135135135135,0.48148148148148145,-0.03203203203203203,0.8077916040202844,0.03203203203203203
qreturn_competitive_physical_switch_candidates,route_mode_changed,37,27,0.5135135135135135,0.48148148148148145,-0.03203203203203203,0.8077916040202844,0.03203203203203203
qreturn_competitive_physical_switch_candidates,route_mode_patch_correspondence,37,27,0.5135135135135135,0.48148148148148145,-0.03203203203203203,0.8077916040202844,0.03203203203203203
qreturn_competitive_physical_switch_candidates,baseline_trace_component_final,37,27,2.918918918918919,1.9259259259259258,-0.992992992992993,0.8190510197304323,0.03303303303303303
qreturn_competitive_physical_switch_candidates,delta_trace_adjacent_dice_mean,37,27,-0.07646724263826,-0.08683798768261138,-0.01037074504435137,0.8278101740521919,0.03303303303303303
qreturn_competitive_physical_switch_candidates,baseline_q_return_minus_trace_adjacent_dice_min,37,27,0.8041065007383172,0.8368939259545767,0.032787425216259436,0.8377302919995323,0.031031031031031032
qreturn_competitive_physical_switch_candidates,q_return_minus_trace_adjacent_dice_min,37,27,0.8026721578038655,0.8071410302291477,0.0044688724252822665,0.8384187383139668,0.031031031031031032
qreturn_competitive_physical_switch_candidates,baseline_cycle_candidate_count,37,27,0.972972972972973,0.9629629629629629,-0.010010010010010117,0.8391631031146505,0.01001001001001001
qreturn_competitive_physical_switch_candidates,cycle_candidate_count,37,27,0.972972972972973,0.9629629629629629,-0.010010010010010117,0.8391631031146505,0.01001001001001001
qreturn_competitive_physical_switch_candidates,trace_component_final,37,27,3.810810810810811,6.148148148148148,2.337337337337337,0.8807417224832866,-0.021021021021021023
qreturn_competitive_physical_switch_candidates,baseline_trace_adjacent_dice_last,37,27,0.3118776507727123,0.3495974439376785,0.03771979316496621,0.9021560587599187,-0.01901901901901902
qreturn_competitive_physical_switch_candidates,trace_component_max,37,27,4.4324324324324325,6.481481481481482,2.0490490490490494,0.9942327314413109,-0.002002002002002002
qreturn_competitive_physical_switch_candidates,baseline_bridge_count,37,27,6.0,6.0,0.0,1.0,0.0
qreturn_competitive_physical_switch_candidates,baseline_final_candidate_count,37,27,1.0,1.0,0.0,1.0,0.0
qreturn_competitive_physical_switch_candidates,baseline_route_mode_patch_correspondence,37,27,0.0,0.0,0.0,1.0,0.0
qreturn_competitive_physical_switch_candidates,baseline_trace_candidate_count_final,37,27,1.0,1.0,0.0,1.0,0.0
qreturn_competitive_physical_switch_candidates,baseline_trace_candidate_count_max,37,27,1.0,1.0,0.0,1.0,0.0
qreturn_competitive_physical_switch_candidates,baseline_trace_empty_count,37,27,0.0,0.0,0.0,1.0,0.0
qreturn_competitive_physical_switch_candidates,delta_cycle_candidate_count,37,27,0.0,0.0,0.0,1.0,0.0
qreturn_competitive_physical_switch_candidates,delta_trace_candidate_count_max,37,27,0.0,0.0,0.0,1.0,0.0
qreturn_competitive_physical_switch_candidates,trace_candidate_count_max,37,27,1.0,1.0,0.0,1.0,0.0
qreturn_selected_physical_switches,delta_abs_q_return_minus_q_model,10,2,-0.010227777477264777,-0.21386535820296465,-0.20363758072569987,0.030303030303030304,1.0
qreturn_selected_physical_switches,delta_b7,10,2,-0.017770370610601504,0.19122087396136545,0.20899124457196694,0.030303030303030304,-1.0
qreturn_selected_physical_switches,delta_q_model,10,2,0.01360016083872483,0.21967246431913595,0.2060723034804111,0.030303030303030304,-1.0
qreturn_selected_physical_switches,delta_q_return_minus_q_model,10,2,-0.010029569091539802,-0.21386535820296465,-0.20383578911142486,0.030303030303030304,1.0
qreturn_selected_physical_switches,delta_student_disagreement,10,2,-0.01360016083872484,-0.21967246431913595,-0.2060723034804111,0.030303030303030304,1.0
qreturn_selected_physical_switches,delta_trace_adjacent_dice_last,10,2,0.07400058289554509,-0.3293837143538355,-0.40338429724938063,0.06735560767040356,0.9
qreturn_selected_physical_switches,baseline_abs_q_return_minus_q_multi,10,2,0.11596975433394144,0.3870608474440622,0.2710910931101208,0.12121212121212122,-0.8
qreturn_selected_physical_switches,baseline_b7,10,2,0.8473623405227049,0.6404049897255025,-0.20695735079720234,0.12121212121212122,0.8
qreturn_selected_physical_switches,baseline_peer_disagreement,10,2,0.1320889004427511,0.4213683191706562,0.2892794187279051,0.12121212121212122,-0.8
qreturn_selected_physical_switches,baseline_q_multi,10,2,0.8679110995572488,0.5786316808293438,-0.28927941872790497,0.12121212121212122,0.8
qreturn_selected_physical_switches,baseline_q_return_minus_q_multi,10,2,0.10166164186101764,0.3870608474440622,0.28539920558304455,0.12121212121212122,-0.8
qreturn_selected_physical_switches,baseline_path_bottleneck_similarity,10,2,0.82109375,0.83984375,0.018750000000000044,0.12854405001796967,-0.75
qreturn_selected_physical_switches,delta_cycle_sam_score,10,2,0.0018649041652679444,0.07646200060844421,0.07459709644317628,0.15963718299746366,-0.7
qreturn_selected_physical_switches,delta_mask_area_change,10,2,0.5249509522492048,1.6788244307888878,1.153873478539683,0.18181818181818182,-0.7
qreturn_selected_physical_switches,delta_trace_area_max_rel_delta,10,2,0.5249509522492048,1.6788244307888878,1.153873478539683,0.18181818181818182,-0.7
qreturn_selected_physical_switches,delta_trace_component_max,10,2,1.9,-1.5,-3.4,0.18543664402082516,0.65
qreturn_selected_physical_switches,cycle_sam_score,10,2,0.8667866945266723,0.9258590936660767,0.05907239913940432,0.1966113838119633,-0.65
qreturn_selected_physical_switches,baseline_trace_centroid_max_step,10,2,0.33073186636954516,0.4129698733819831,0.08223800701243794,0.23654740531738194,-0.6
qreturn_selected_physical_switches,baseline_abs_q_return_minus_q_model,10,2,0.1820508207324502,0.37560099052321133,0.19355016979076112,0.2727272727272727,-0.6
qreturn_selected_physical_switches,baseline_q_return_minus_q_model,10,2,0.18185261234672526,0.37560099052321133,0.19374837817648607,0.2727272727272727,-0.6
qreturn_selected_physical_switches,baseline_mask_area_change,10,2,1.2891662146032472,0.9813137032842583,-0.30785251131898894,0.3294024554084375,0.5
qreturn_selected_physical_switches,baseline_trace_area_max_rel_delta,10,2,1.2891662146032472,0.9813137032842583,-0.30785251131898894,0.3294024554084375,0.5
qreturn_selected_physical_switches,baseline_trace_adjacent_dice_last,10,2,0.2563842143063796,0.4810503154321087,0.2246661011257291,0.33281985020021765,-0.5
qreturn_selected_physical_switches,abs_q_return_minus_q_multi,10,2,0.14757265596425131,0.17047606934389203,0.02290341337964072,0.36363636363636365,-0.5
qreturn_selected_physical_switches,baseline_q_cycle,10,2,0.9695727414182664,0.965692528273406,-0.0038802131448604227,0.36363636363636365,0.5
qreturn_selected_physical_switches,baseline_q_model,10,2,0.7877201290715413,0.5900915377501947,-0.19762859132134658,0.36363636363636365,0.5
qreturn_selected_physical_switches,baseline_q_return,10,2,0.9695727414182664,0.965692528273406,-0.0038802131448604227,0.36363636363636365,0.5
qreturn_selected_physical_switches,baseline_student_disagreement,10,2,0.2122798709284587,0.4099084622498053,0.1976285913213466,0.36363636363636365,-0.5
qreturn_selected_physical_switches,delta_trace_area_span,10,2,-0.03944854736328125,-0.104827880859375,-0.06537933349609375,0.36363636363636365,0.5
qreturn_selected_physical_switches,delta_trace_centroid_max_step,10,2,-0.07975406306221577,-0.15299056433216685,-0.07323650126995107,0.36363636363636365,0.5
qreturn_selected_physical_switches,mask_area_change,10,2,1.814117166852452,2.660138134073146,0.8460209672206938,0.36363636363636365,-0.5
qreturn_selected_physical_switches,mask_area_ratio,10,2,0.14495086669921875,0.0859832763671875,-0.05896759033203125,0.36363636363636365,0.5
qreturn_selected_physical_switches,peer_disagreement,10,2,0.16730548562248293,0.19897643495431472,0.03167094933183179,0.36363636363636365,-0.5
qreturn_selected_physical_switches,q_multi,10,2,0.8326945143775172,0.8010235650456853,-0.0316709493318319,0.36363636363636365,0.5
qreturn_selected_physical_switches,q_return_minus_q_multi,10,2,0.14044881878793453,0.17047606934389203,0.030027250555957508,0.36363636363636365,-0.5
qreturn_selected_physical_switches,trace_area_final,10,2,0.14495086669921875,0.0859832763671875,-0.05896759033203125,0.36363636363636365,0.5
qreturn_selected_physical_switches,trace_area_max_rel_delta,10,2,1.814117166852452,2.660138134073146,0.8460209672206938,0.36363636363636365,-0.5
qreturn_selected_physical_switches,baseline_trace_bbox_w_max_rel_delta,10,2,0.5424218975903629,0.5925925925925926,0.050170695002229704,0.44319355006719996,-0.4
qreturn_selected_physical_switches,trace_adjacent_dice_last,10,2,0.3303847972019246,0.15166660107827318,-0.17871819612365142,0.4489093182648598,0.4
qreturn_selected_physical_switches,baseline_trace_area_max,10,2,0.24353790283203125,0.29741668701171875,0.0538787841796875,0.4505108826916543,-0.4
qreturn_selected_physical_switches,delta_q_cycle,10,2,0.003570591747185026,0.005807106116171301,0.0022365143689862753,0.48484848484848486,-0.4
qreturn_selected_physical_switches,delta_q_return,10,2,0.003570591747185026,0.005807106116171301,0.0022365143689862753,0.48484848484848486,-0.4
qreturn_selected_physical_switches,delta_trace_bbox_h_max_rel_delta,10,2,0.2707458032610667,0.5144862604540024,0.2437404571929357,0.48484848484848486,-0.4
qreturn_selected_physical_switches,baseline_trace_area_span,10,2,0.1935577392578125,0.24352264404296875,0.04996490478515625,0.5185169930451219,-0.35
qreturn_selected_physical_switches,trace_bbox_h_max_rel_delta,10,2,0.8092840172696519,1.0376344086021505,0.22835039133249857,0.5185169930451219,-0.35
qreturn_selected_physical_switches,baseline_trace_area_min,10,2,0.04998016357421875,0.05389404296875,0.00391387939453125,0.549231530717903,-0.3
qreturn_selected_physical_switches,delta_path_bottleneck_similarity,10,2,-0.073828125,-0.107421875,-0.033593750000000006,0.549231530717903,0.3
qreturn_selected_physical_switches,delta_trace_adjacent_dice_min,10,2,0.07240389269113615,0.10336978355068642,0.030965890859550274,0.5885890116926449,-0.3
qreturn_selected_physical_switches,baseline_path_mean_similarity,10,2,0.9115932547129116,0.9118886246131017,0.0002953699001900789,0.6060606060606061,-0.3
qreturn_selected_physical_switches,delta_trace_area_max,10,2,-0.0471343994140625,-0.12126922607421875,-0.07413482666015625,0.6060606060606061,0.3
qreturn_selected_physical_switches,path_mean_similarity,10,2,0.844576217748042,0.8580118261850798,0.013435608437037727,0.6060606060606061,-0.3
qreturn_selected_physical_switches,trace_bbox_w_max_rel_delta,10,2,0.750690821325245,0.7508576329331047,0.00016681160785969595,0.6060606060606061,-0.3
qreturn_selected_physical_switches,baseline_trace_component_max,10,2,2.7,3.0,0.2999999999999998,0.7363521447679996,-0.2
qreturn_selected_physical_switches,delta_trace_component_final,10,2,0.8,0.0,-0.8,0.7363521447679996,0.2
qreturn_selected_physical_switches,bridge_count,10,2,3.3,4.0,0.7000000000000002,0.7406067257638878,-0.2
qreturn_selected_physical_switches,delta_bridge_count,10,2,-2.7,-2.0,0.7000000000000002,0.7406067257638878,-0.2
qreturn_selected_physical_switches,delta_trace_area_min,10,2,-0.00768585205078125,-0.01644134521484375,-0.0087554931640625,0.74553748053554,0.2
qreturn_selected_physical_switches,b7,10,2,0.8295919699121033,0.831625863686868,0.0020338937747647057,0.7575757575757576,0.2
qreturn_selected_physical_switches,baseline_cycle_sam_score,10,2,0.8649217903614044,0.8493970930576324,-0.015524697303771928,0.7575757575757576,0.2
qreturn_selected_physical_switches,delta_q_return_minus_trace_adjacent_dice_mean,10,2,0.020927335248023614,0.054239731626547105,0.03331239637852349,0.7575757575757576,-0.2
qreturn_selected_physical_switches,delta_q_return_minus_trace_adjacent_dice_min,10,2,-0.06883330094395108,-0.09756267743451513,-0.02872937649056405,0.7575757575757576,0.2
qreturn_selected_physical_switches,delta_trace_adjacent_dice_mean,10,2,-0.017356743500838562,-0.04843262551037583,-0.03107588200953727,0.7575757575757576,0.2
qreturn_selected_physical_switches,delta_trace_bbox_w_max_rel_delta,10,2,0.2082689237348821,0.1582650403405121,-0.05000388339437001,0.7575757575757576,-0.2
qreturn_selected_physical_switches,q_cycle,10,2,0.9731433331654517,0.9714996343895773,-0.001643698775874336,0.7575757575757576,0.2
qreturn_selected_physical_switches,q_return,10,2,0.9731433331654517,0.9714996343895773,-0.001643698775874336,0.7575757575757576,0.2
qreturn_selected_physical_switches,trace_area_span,10,2,0.15410919189453126,0.13869476318359375,-0.015414428710937511,0.7575757575757576,0.2
qreturn_selected_physical_switches,forward_sam_score,10,2,0.981269508600235,0.9804878830909729,-0.000781625509262085,0.8230632737581215,0.1
qreturn_selected_physical_switches,trace_sam_score_final,10,2,0.981269508600235,0.9804878830909729,-0.000781625509262085,0.8230632737581215,0.1
qreturn_selected_physical_switches,trace_sam_score_mean,10,2,0.981269508600235,0.9804878830909729,-0.000781625509262085,0.8230632737581215,0.1
qreturn_selected_physical_switches,trace_sam_score_min,10,2,0.981269508600235,0.9804878830909729,-0.000781625509262085,0.8230632737581215,0.1
qreturn_selected_physical_switches,baseline_trace_adjacent_dice_min,10,2,0.07667066003995959,0.04829681752758676,-0.028373842512372835,0.826580701439357,0.15
qreturn_selected_physical_switches,baseline_forward_sam_score,10,2,0.9699672579765319,0.9804878830909729,0.010520625114440962,0.8875370839817152,0.1
qreturn_selected_physical_switches,baseline_trace_sam_score_final,10,2,0.9699672579765319,0.9804878830909729,0.010520625114440962,0.8875370839817152,0.1
qreturn_selected_physical_switches,baseline_trace_sam_score_mean,10,2,0.9699672579765319,0.9804878830909729,0.010520625114440962,0.8875370839817152,0.1
qreturn_selected_physical_switches,baseline_trace_sam_score_min,10,2,0.9699672579765319,0.9804878830909729,0.010520625114440962,0.8875370839817152,0.1
qreturn_selected_physical_switches,delta_route_mode_patch_correspondence,10,2,0.4,0.5,0.09999999999999998,0.9002412181999913,-0.1
qreturn_selected_physical_switches,route_mode_changed,10,2,0.4,0.5,0.09999999999999998,0.9002412181999913,-0.1
qreturn_selected_physical_switches,route_mode_patch_correspondence,10,2,0.4,0.5,0.09999999999999998,0.9002412181999913,-0.1
qreturn_selected_physical_switches,baseline_trace_component_final,10,2,2.1,1.5,-0.6000000000000001,0.9044485621829809,0.1
qreturn_selected_physical_switches,trace_component_final,10,2,2.9,1.5,-1.4,0.9044485621829809,0.1
qreturn_selected_physical_switches,trace_component_max,10,2,4.6,1.5,-3.0999999999999996,0.9046555152649541,0.1
qreturn_selected_physical_switches,abs_q_return_minus_q_model,10,2,0.17182304325518544,0.16173563232024668,-0.010087410934938756,0.9090909090909091,0.1
qreturn_selected_physical_switches,baseline_mask_area_ratio,10,2,0.1335968017578125,0.10076904296875,-0.032827758789062494,0.9090909090909091,-0.1
qreturn_selected_physical_switches,baseline_trace_adjacent_dice_mean,10,2,0.3500841162897185,0.3639457412897815,0.013861625000062994,0.9090909090909091,0.1
qreturn_selected_physical_switches,baseline_trace_area_final,10,2,0.1335968017578125,0.10076904296875,-0.032827758789062494,0.9090909090909091,-0.1
qreturn_selected_physical_switches,delta_abs_q_return_minus_q_multi,10,2,0.03160290163030989,-0.21658477810017018,-0.24818767973048006,0.9090909090909091,0.1
qreturn_selected_physical_switches,delta_mask_area_ratio,10,2,0.01135406494140625,-0.0147857666015625,-0.02613983154296875,0.9090909090909091,0.1
qreturn_selected_physical_switches,delta_path_mean_similarity,10,2,-0.0670170369648698,-0.053876798428021955,0.013140238536847842,0.9090909090909091,-0.1
qreturn_selected_physical_switches,delta_peer_disagreement,10,2,0.03521658517973183,-0.22239188421634148,-0.2576084693960733,0.9090909090909091,0.1
qreturn_selected_physical_switches,delta_q_multi,10,2,-0.03521658517973183,0.22239188421634148,0.2576084693960733,0.9090909090909091,-0.1
qreturn_selected_physical_switches,delta_q_return_minus_q_multi,10,2,0.038787176926916855,-0.21658477810017018,-0.25537195502708704,0.9090909090909091,0.1
qreturn_selected_physical_switches,delta_trace_area_final,10,2,0.01135406494140625,-0.0147857666015625,-0.02613983154296875,0.9090909090909091,0.1
qreturn_selected_physical_switches,q_model,10,2,0.8013202899102663,0.8097640020693306,0.008443712159064365,0.9090909090909091,-0.1
qreturn_selected_physical_switches,q_return_minus_q_model,10,2,0.17182304325518544,0.16173563232024668,-0.010087410934938756,0.9090909090909091,0.1
qreturn_selected_physical_switches,q_return_minus_trace_adjacent_dice_min,10,2,0.8240687804343558,0.8198330333113042,-0.004235747123051636,0.9090909090909091,-0.1
qreturn_selected_physical_switches,student_disagreement,10,2,0.19867971008973387,0.19023599793066936,-0.008443712159064504,0.9090909090909091,0.1
qreturn_selected_physical_switches,trace_area_max,10,2,0.19640350341796875,0.1761474609375,-0.02025604248046875,0.9090909090909091,0.1
qreturn_selected_physical_switches,trace_centroid_max_step,10,2,0.25097780330732944,0.25997930904981625,0.009001505742486815,0.9090909090909091,0.1
qreturn_selected_physical_switches,trace_area_min,10,2,0.0422943115234375,0.03745269775390625,-0.004841613769531253,0.9137032392723474,0.1
qreturn_selected_physical_switches,trace_adjacent_dice_min,10,2,0.1490745527310957,0.15166660107827318,0.002592048347177467,1.0,0.05
qreturn_selected_physical_switches,baseline_bridge_count,10,2,6.0,6.0,0.0,1.0,0.0
qreturn_selected_physical_switches,baseline_cycle_candidate_count,10,2,1.0,1.0,0.0,1.0,0.0
qreturn_selected_physical_switches,baseline_final_candidate_count,10,2,1.0,1.0,0.0,1.0,0.0
qreturn_selected_physical_switches,baseline_q_return_minus_trace_adjacent_dice_mean,10,2,0.619488625128548,0.6017467869836246,-0.01774183814492336,1.0,0.0
qreturn_selected_physical_switches,baseline_q_return_minus_trace_adjacent_dice_min,10,2,0.8929020813783068,0.9173957107458193,0.024493629367512426,1.0,0.0
qreturn_selected_physical_switches,baseline_route_mode_patch_correspondence,10,2,0.0,0.0,0.0,1.0,0.0
qreturn_selected_physical_switches,baseline_trace_bbox_h_max_rel_delta,10,2,0.5385382140085853,0.5231481481481481,-0.015390065860437119,1.0,0.0
qreturn_selected_physical_switches,baseline_trace_candidate_count_final,10,2,1.0,1.0,0.0,1.0,0.0
qreturn_selected_physical_switches,baseline_trace_candidate_count_max,10,2,1.0,1.0,0.0,1.0,0.0
qreturn_selected_physical_switches,baseline_trace_empty_count,10,2,0.0,0.0,0.0,1.0,0.0
qreturn_selected_physical_switches,cycle_candidate_count,10,2,1.0,1.0,0.0,1.0,0.0
qreturn_selected_physical_switches,delta_cycle_candidate_count,10,2,0.0,0.0,0.0,1.0,0.0
qreturn_selected_physical_switches,delta_final_candidate_count,10,2,0.0,0.0,0.0,1.0,0.0
qreturn_selected_physical_switches,delta_forward_sam_score,10,2,0.011302250623703002,0.0,-0.011302250623703002,1.0,0.0
qreturn_selected_physical_switches,delta_trace_candidate_count_final,10,2,0.0,0.0,0.0,1.0,0.0
qreturn_selected_physical_switches,delta_trace_candidate_count_max,10,2,0.0,0.0,0.0,1.0,0.0
qreturn_selected_physical_switches,delta_trace_empty_count,10,2,0.0,0.0,0.0,1.0,0.0
qreturn_selected_physical_switches,delta_trace_sam_score_final,10,2,0.011302250623703002,0.0,-0.011302250623703002,1.0,0.0
qreturn_selected_physical_switches,delta_trace_sam_score_mean,10,2,0.011302250623703002,0.0,-0.011302250623703002,1.0,0.0
qreturn_selected_physical_switches,delta_trace_sam_score_min,10,2,0.011302250623703002,0.0,-0.011302250623703002,1.0,0.0
qreturn_selected_physical_switches,final_candidate_count,10,2,1.0,1.0,0.0,1.0,0.0
qreturn_selected_physical_switches,path_bottleneck_similarity,10,2,0.747265625,0.732421875,-0.014843750000000044,1.0,0.0
qreturn_selected_physical_switches,q_return_minus_trace_adjacent_dice_mean,10,2,0.6404159603765717,0.6559865186101717,0.015570558233599985,1.0,0.0
qreturn_selected_physical_switches,trace_adjacent_dice_mean,10,2,0.33272737278888,0.31551311577940566,-0.01721425700947432,1.0,0.0
qreturn_selected_physical_switches,trace_candidate_count_final,10,2,1.0,1.0,0.0,1.0,0.0
qreturn_selected_physical_switches,trace_candidate_count_max,10,2,1.0,1.0,0.0,1.0,0.0
qreturn_selected_physical_switches,trace_empty_count,10,2,0.0,0.0,0.0,1.0,0.0
